sha,is_merge,parents_count,modified_files_count,code_churn,max_file_churn,avg_file_churn,deletions,insertions,net_lines,dmm_unit_size,dmm_unit_complexity,dmm_unit_interfacing,total_token_count,total_nloc,total_complexity,total_changed_method_count,commit_message,commit_timestamp
e633d013f64d057f462786ccf4a430cd27817d4d,False,1,1,67,67,67.0,21,85,64,0.2222222222222222,0.9166666666666666,1.0,2003,497,35,6,cmd: fix `Commands` function not returning all registered commands (#7059),1749770271
1481c0411aa3ce3a53c206e18ee9ce4223cc156d,False,1,4,81,43,20.25,6,607,601,0.29411764705882354,0.29411764705882354,1.0,6108,963,266,6,"caddytls: wire up client_auth leaf verifier Caddyfile (#6772)

* client_auth: wire up leaf verifier Caddyfile

Signed-off-by: Mohammed Al Sahaf <msaa1990@gmail.com>

* review feedback + tests

Signed-off-by: Mohammed Al Sahaf <msaa1990@gmail.com>

---------

Signed-off-by: Mohammed Al Sahaf <msaa1990@gmail.com>",1749478716
092913a7a568a5eb4b28c06e12c1274bd5eb1140,False,1,1,12,12,12.0,35,440,405,0.0,0.9047619047619048,1.0,5160,877,227,1,"httpcaddyfile: Prevent error handler from overriding sub-handler matchers (#6999)

Fixes: #6957",1749231999
44d078b6705c7abcabb2a60f501568ff7f5a57a1,False,1,1,48,48,48.0,26,245,219,1.0,1.0,0.0,640,108,31,1,"acme_server: fix policy parsing in caddyfile (#7006)

Signed-off-by: Mohammed Al Sahaf <msaa1990@gmail.com>",1746726847
9f7148392adb72a6121bf99070efaa1a90ffe901,False,1,1,4,4,4.0,1,109,108,0.1111111111111111,0.9888888888888889,1.0,2988,499,132,1,"log: default logger should respect `{in,ex}clude` (#6995)

* log: default logger should respect `{in,ex}clude`

Signed-off-by: Mohammed Al Sahaf <msaa1990@gmail.com>

* add tests

Signed-off-by: Mohammed Al Sahaf <msaa1990@gmail.com>

---------

Signed-off-by: Mohammed Al Sahaf <msaa1990@gmail.com>",1746569169
49f9af9a4ab2a28fa5c445630017f5284a5afa48,False,1,1,8,8,8.0,2,53,51,0.24489795918367346,0.9183673469387755,1.0,4684,733,218,1,"caddytls: Fix TrustedCACerts backwards compatibility (#6889)

* add failing test

* fix ca pool provisioning

* remove unused param",1741632647
9283770f68f570f47ca20aa9c6f9de8cc50063ba,False,1,1,36,36,36.0,13,23,10,1.0,1.0,1.0,424,79,16,3,"reverseproxy: ignore duplicate collector registration error (#6820)

Signed-off-by: Mohammed Al Sahaf <msaa1990@gmail.com>",1738655730
904a0fa368b7eacac3c7156ce4a1f6ced8f61f34,False,1,2,24,20,12.0,11,13,2,,,,6231,943,246,8,"reverse_proxy: re-add healthy upstreams metric (#6806)

* reverse_proxy: re-add healthy upstreams metric

Signed-off-by: Mohammed Al Sahaf <msaa1990@gmail.com>

* lint

Signed-off-by: Mohammed Al Sahaf <msaa1990@gmail.com>

---------

Signed-off-by: Mohammed Al Sahaf <msaa1990@gmail.com>",1738013454
1bd567d7ad41d5509e2aa60cf36e749f195ad83c,False,1,1,20,20,20.0,3,17,14,0.0,0.0,1.0,5726,863,231,2,"reverseproxy: buffer requests for fastcgi by default (#6759)

* buffer requests for fastcgi by default

* fix import cycle

* fix the return value of bufferedBody

* more comments about fastcgi buffering

---------

Co-authored-by: Matt Holt <mholt@users.noreply.github.com>",1735841905
825fe48e0654dc6e4e065df364a51ea79488e44b,False,1,1,19,19,19.0,6,65,59,0.0,0.0,0.8723404255319149,3909,668,177,2,"reverseproxy: Allow `0` as weights for `weighted_round_robin` (#6681)

* Allow 0 as weights

Change positive to non-negative

* reverseproxy: allow 0 as weighted round robin value

* test: add more wrr select test

---------

Co-authored-by: peanutduck <peanutduck@yahoo.com>",1731020311
c216cf551dcbd2de1da1b9fe8a7e179b76827753,False,1,3,23,18,7.666666666666667,8,15,7,0.5,1.0,0.5,7602,1206,317,8,"caddyhttp: Allow matching Transfer-Encoding, add to access logs (#6629)

* caddyhttp: Allow matching Transfer-Encoding

* Log transfer_encoding on the request

---------

Co-authored-by: Matt Holt <mholt@users.noreply.github.com>",1734718594
328fb614f0e9996b184f41d59b7092c21dd9c712,False,1,1,4,4,4.0,2,2,0,,,,5667,859,227,1,reverseproxy: Only handle websocket protocol (#6740),1733941025
bcaa8aaf114629031d10dcef0ca7680ae8163e32,False,1,1,30,30,30.0,5,27,22,0.7272727272727273,0.0,0.5454545454545454,2122,355,93,8,"encode: write status immediate for success response for CONNECT requests (#6738)

* encode: write status immediate for success response for CONNECT requests

* fix compile

* fix test

* fix lint

* treat first write and flush for encode response writer to CONNECT request as success if status is not set explicitly",1733940901
d0123bd760f6c140f3b935159a55ba64899c84f8,False,1,1,1,1,1.0,0,1,1,1.0,1.0,1.0,3053,497,104,1,fileserver: Fix policy `Validate()` oversight (#6727),1733338918
b116dcea3d022cd2b060a978c499ac17e5d0a2e1,False,1,3,27,14,9.0,11,30,19,0.0,0.42105263157894735,1.0,4930,811,190,4,"caddyhttp: Add `{?query}` placeholder (#6714)

* caddyhttp: Add `{prefixed_query}` placeholder

* fastcgi: Preserve query during canonical redirect

* Use orig_uri instead for the redirect, shorter Caddyfile shortcut",1733144798
b129ed6be88e40667a843bfab74abb3e5239bc8f,False,1,2,133,91,66.5,51,353,302,0.0,0.0,0.0,12534,1772,583,5,"httpcaddyfile: Fixes for `prefer_wildcard` mode (#6636)

* httpcaddyfile: Fixes for prefer_wildcard mode

The wildcard hosts need to be collected first, then considered after, because there's no guarantee that all non-wildcards will appear after all wildcards when looping. Also we should not add a domain to Skip if it doesn't qualify for TLS anyway.

* Alternate solution by avoiding adding APs altogether if covered by wildcard",1730308152
d13258423dda01fa48943b203ba8074428c776e4,False,1,1,4,4,4.0,0,4,4,0.0,0.0,1.0,1424,240,64,3,"vars: Make nil values act as empty string instead of `""<nil>""` (#6174)",1711041713
5823eccf99d9fc6b4ffba8a78acfdb59c4ec0c97,False,1,2,6,3,3.0,3,8,5,0.0,0.0,1.0,3749,596,156,2,"rewrite: Don't add / in Caddyfile, do it after replacer (#6662)",1730826931
05cfb121ec3f214c0e45206c188f34bad4d4eb8c,False,1,1,67,67,67.0,34,267,233,0.0,0.0,1.0,819,156,21,1,forwardauth: Skip copying missing response headers (#6608),1730757533
388c7e898c6cbcddd2c59e8a902238a0b4f06857,False,1,6,68,27,11.333333333333334,13,102,89,0.43243243243243246,0.4594594594594595,1.0,21596,3236,795,7,"metrics: move `metrics`  up, outside `servers` (#6606)

* metrics: move `metrics`  up, outside `servers`

This change moves the metrics configuration from per-server level to a single config knob within the `http` app. Enabling `metrics` in any of the configured servers inside `http` enables metrics for all servers.

Fix #6604

Signed-off-by: Mohammed Al Sahaf <msaa1990@gmail.com>

* normalize domain name

---------

Signed-off-by: Mohammed Al Sahaf <msaa1990@gmail.com>",1729266861
9753c4451077d4459ec10cb3df27ab9dc4456290,False,1,1,2,2,2.0,1,24,23,0.0,0.0,1.0,2937,481,102,2,"fileserver: fix try_policy when instantiating file matcher from CEL (#6624)

Co-authored-by: Francis Lavoie <lavofr@gmail.com>",1729433310
48ce47f1d44da485fbbf6be536a0e3822763f313,False,1,2,26,25,13.0,0,26,26,0.8,0.8,0.9,8417,1264,326,3,"reverseproxy: Use correct cases for websocket related headers (#6621)

Co-authored-by: Francis Lavoie <lavofr@gmail.com>",1728637343
ef4e0224a8495fc29847d865087febdee8736e3b,False,1,1,9,9,9.0,4,13,9,0.0,0.0,1.0,3512,563,170,1,caddyfile: Fix comma edgecase in address parsing (#6616),1728592019
f3aead0e4df57716d525f3a25fb11f70bc72b20a,False,1,1,8,8,8.0,2,6,4,1.0,1.0,1.0,1153,182,37,1,"http: ReponseWriter prefer ReadFrom if available (#6565)

Co-authored-by: Matt Holt <mholt@users.noreply.github.com>",1727803143
0e829bc4187e265d1e4ccb1bec24996088acf0a5,False,1,2,18,10,9.0,9,9,0,,,,6045,923,251,2,caddyhttp: Fix listener wrapper regression from #6573 (#6599),1727761641
9dda8fbf846db052243e6ce5ab707650da8c030e,False,1,3,24,9,8.0,0,24,24,0.0,0.0,1.0,1638,271,64,3,caddytls: Give a better error message when given encrypted private keys (#6591),1727265648
7088605cc11c52c2777ab613dfc5c2a9816006e4,False,1,1,61,61,61.0,20,130,110,0.09615384615384616,0.8557692307692307,1.0,2118,322,86,2,"cmd: fix regression in auto-detect of Caddyfile (#6362)

* cmd: fix regression in auto-detect of Caddyfile

Signed-off-by: Mohammed Al Sahaf <msaa1990@gmail.com>

* fix typo

Co-authored-by: Git'Fellow <12234510+solracsf@users.noreply.github.com>

* add tests

* address review comments

---------

Signed-off-by: Mohammed Al Sahaf <msaa1990@gmail.com>
Co-authored-by: Git'Fellow <12234510+solracsf@users.noreply.github.com>",1717328456
21f9c20a04ec5c2ac430daa8e4ba8fbdef67f773,False,1,1,4,4,4.0,2,2,0,,,,1285,203,47,1,rewrite: Avoid panic on bad arg count for `uri` (#6571),1726212123
7cf8376e638948490be3e9eb5c7d58ce2a4b93b3,False,1,1,9,9,9.0,4,5,1,,,,1588,247,63,1,"matchers: fix a regression in #6480 (#6510)

The context may have no replacer",1723446069
b85b6c64690dc75fd3096e452dbf8881456d0da7,False,1,1,3,3,3.0,0,21,21,0.375,0.5,1.0,1817,290,78,1,"replacer: `{file.*}` global placeholder strips trailing newline (#6411)

Co-authored-by: Kanashimia <chad@redpilled.dev>",1723059555
9338741ca79a74247ced86bc26e4994138470852,False,1,1,24,24,24.0,4,24,20,0.5,0.5,0.5,1643,243,61,2,"browse: Exclude symlink target size from total, show arrow on size (#6412)

* fileserver: Exclude symlink target size from total, show arrow on size

* Keep both totals

* Linter doesn't like my spelling :(

* Stop parallelizing tests for now

* Update modules/caddyhttp/fileserver/browse.html

* Minor renamings

---------

Co-authored-by: Matthew Holt <mholt@users.noreply.github.com>",1720357267
f350e001b6319dd8833fbdb31ffb0ccadb2aa2e0,False,1,1,2,2,2.0,1,1,0,0.0,1.0,1.0,2247,361,81,2,reverseproxy: Only log host is up status on change (fixes #6415) (#6419),1720033552
0287009ee5fbe171e7a84f7d5b965992bb5488a7,False,1,1,3,3,3.0,3,8,5,0.0,1.0,1.0,1310,210,12,0,intercept: fix http.intercept.header.* placeholder (#6429),1720017793
c2ccf8690f315aa0ebab930c3aadcc6cd11fc9e9,False,1,1,5,5,5.0,0,5,5,1.0,1.0,1.0,3052,422,115,1,"fileserver: Remove newline characters from precomputed etags (#6394)

* Removed newline characters from precomputed etags

* Update modules/caddyhttp/fileserver/staticfiles.go

---------

Co-authored-by: Matt Holt <mholt@users.noreply.github.com>",1718803630
8e0d3e1ec56cd349f02c9d201234c56373688ddd,False,1,1,12,12,12.0,1,50,49,0.0,0.0,1.0,1089,196,48,1,"logging: set file mode when the file already exist (#6391)

101d3e7 introduced a configuration option to set the log file mode.
This option was not taken into account if the file already exists,
making users having to delete their logs to have new logs created
with the right mode.",1718227066
9be4f194e036dddd4704a851fd15a9682d9e813d,False,1,1,8,8,8.0,4,4,0,,,,1128,179,36,1,caddyhttp: Write header if needed in responseRecorder.WriteResponse (#6380),1717766736
243351b2b19d39790311320c4ba7e1ac1692bbe8,False,1,1,18,18,18.0,14,31,17,1.0,1.0,1.0,2080,316,80,1,"cmd: remove zealous check of Caddyfile auto-detection (#6370)

* cmd: remove zealous check of Caddyfile auto-detection

* add test case

* remove redundant check, add comment

* one more case",1717599435
15faeacb6065d2395a80a6a5f868149744f5de4a,False,1,1,15,15,15.0,3,12,9,0.0,0.0,0.0,2040,307,80,1,"cmd: fix auto-detetction of .caddyfile extension (#6356)

* cmd: fix auto-detetction of .caddyfile extension

Signed-off-by: Mohammed Al Sahaf <msaa1990@gmail.com>

* move conditions around and add clarifying comment

Signed-off-by: Mohammed Al Sahaf <msaa1990@gmail.com>

* reject ambiguous config file name

Signed-off-by: Mohammed Al Sahaf <msaa1990@gmail.com>

---------

Signed-off-by: Mohammed Al Sahaf <msaa1990@gmail.com>",1717300178
db3e19b7b5322fba59068ce9f5c3532aa0c90740,False,1,1,9,9,9.0,3,6,3,,,,1432,256,54,1,"caddytls: fix permission requirement with AutomationPolicy (#6328)

Certificate automation has permission modules that are designed to
prevent inappropriate issuance of unbounded or wildcard certificates.
When an explicit cert manager is used, no additional permission should
be necessary. For example, this should be a valid caddyfile:

    https:// {
      tls {
        get_certificate tailscale
      }
      respond OK
    }

This is accomplished when provisioning an AutomationPolicy by tracking
whether there were explicit managers configured directly on the policy
(in the ManagersRaw field). Only when a number of potentially unsafe
conditions are present AND no explicit cert managers are configured is
an error returned.

The problem arises from the fact that ctx.LoadModule deletes the raw
bytes after loading in order to save memory. The first time an
AutomationPolicy is provisioned, the ManagersRaw field is populated, and
everything is fine.

An AutomationPolicy with no subjects is treated as a special ""catch-all""
policy. App.createAutomationPolicies ensures that this catch-all policy
has an ACME issuer, and then calls its Provision method again because it
may have changed. This second time Provision is called, ManagesRaw is no
longer populated, and the permission check fails because it appears as
though the policy has no explicit managers.

Address this by storing a new boolean on AutomationPolicy recording
whether it had explicit cert managers configured on it.

Also fix an inverted boolean check on this value when setting
failClosed.

Updates #6060
Updates #6229
Updates #6327

Signed-off-by: Will Norris <will@tailscale.com>",1716220139
40c582ce8273bf12b08e8e77df6498bca5f626a6,False,1,1,44,44,44.0,20,72,52,0.5,0.0,1.0,1452,231,51,2,caddyhttp: Fix merging consecutive `client_ip` or `remote_ip` matchers (#6350),1717075937
f6d2c293e752254769efe21c8d06a16ebad4845e,False,1,1,7,7,7.0,1,29,28,0.0,0.88,1.0,3193,512,156,1,caddyfile: Reject global request matchers earlier (#6339),1716516376
335cd2e8a4f2a91cb2c55a6c2e624a4c4ccddb0c,False,1,2,127,73,63.5,50,77,27,0.15,0.15,1.0,7133,1105,277,4,"reverseproxy: Fix active health check header canonicalization, refactor (#5446)",1683321562
e60148ecc39f78214f8fc47d3d94f7099b655f56,False,1,2,126,124,63.0,238,2,-236,0.770949720670391,0.18435754189944134,0.0,5941,955,215,11,"reverseproxy: Pointer to struct when loading modules; remove LazyCertPool (#6307)

* use pointer when loading modules

* change method to pointer type and remove LazyCertPool

* remove lazy pool test

* remove yet another lazy pool test",1715217217
d05d715a006322e6d512f308b4f9543cdf013187,False,1,1,34,34,34.0,14,20,6,0.0,0.0,0.0,2890,458,103,2,reverseproxy: HTTP transport: fix PROXY protocol initialization (#6301),1715047332
feeb6af40334e6826a57a1a83cc62db672b9b023,False,1,2,40,25,20.0,9,73,64,0.9166666666666666,1.0,0.8333333333333334,9587,1414,433,3,httpcaddyfile: Fix expression matcher shortcut in snippets (#6288),1714563785
d129ae6aec6af2182217ee8a235f4df8cd2bbfde,False,1,1,56,56,56.0,11,51,40,0.0,0.0,1.0,3122,490,138,3,"caddytls: Evict internal certs from cache based on issuer (#6266)

* caddytls: Evict internal certs from cache based on issuer

During a config reload, we would keep certs in the cache fi they were used  by the next config. If one config uses InternalIssuer and the other uses a public CA, this behavior is problematic / unintuitive, because there is a big difference between private/public CAs.

This change should ensure that internal issuers are considered when deciding whether to keep or evict from the cache during a reload, by making them distinct from each other and certs from public CAs.

* Make sure new TLS app manages configured certs

* Actually make it work",1714515354
1b9042bcdd03b4edea8447355f970e1c5aff8c10,False,1,2,13,11,6.5,0,13,13,0.0,0.1111111111111111,0.1111111111111111,3778,577,123,2,reverseproxy: handle buffered data during hijack (#6274),1714144158
726a9a8fde60e4d72282b24fb553573fb388607c,False,1,3,61,38,20.333333333333332,22,39,17,0.0,0.0,,7382,1108,193,4,"logging: Fix default access logger (#6251)

* logging: Fix default access logger

* Simplify logic, remove retry without port, reject config with port, docs

* Nil check",1713789187
8f87c5d9938d64942f193a599a6d5472edeb15da,False,1,1,2,2,2.0,1,7,6,,,,2034,305,78,1,"cmd: Only validate config is proper JSON if config slice has data (#6250)

* cmd: fix error when running without config

* ci: add smoke test",1713476412
c6673ad4d8c3253179d697f06aac458e48e56546,False,1,1,2,2,2.0,1,29,28,0.0,1.0,1.0,1982,332,74,1,staticresp: Use the evaluated response body for sniffing JSON content-type (#6249),1713472260
b40cacf5ce8f6a190a002fa44e973f1aa5bac2b0,False,1,2,12,8,6.0,3,9,6,0.4,0.4,0.4,7761,1182,292,5,reverseproxy: Wait for both ends of websocket to close (#6175),1713202657
185ed6fe7c14a88512d7cdcc308477a4f58cca4b,False,1,1,15,15,15.0,5,10,5,0.0,0.0,0.0,2018,305,76,1,"cmd: Assume Caddyfile based on filename prefix and suffix (#5919)

This can be helpful if editors only consider file extensions for certain features.

* added special case support for caddyfile suffix, case insensitive

* Update cmd/main.go

Co-authored-by: Matt Holt <mholt@users.noreply.github.com>

* skip caddyfile adapter for registered file extensions

---------

Co-authored-by: Matt Holt <mholt@users.noreply.github.com>",1712870896
4a0492f3e178c8ab970234b27702c76fedffec5f,False,1,1,27,27,27.0,6,21,15,0.0,0.0,1.0,5841,941,207,1,"admin: Make `Etag` a header, not a trailer (#6208)

* Making eTags a header not a trailer

* Checked the write

* Fixed typo

* Corrected comment

* Added sync Pool

* Changed control flow of buffer reset / putting and changed error code

* Switched from interface{} to any in bufferPool",1712870364
924010cd3d1e0269cd89f3d7531e375ebbf11a3c,False,1,1,26,26,26.0,2,24,22,1.0,1.0,1.0,3732,560,63,2,"caddyhttp: close quic connections when server closes (#6202)

* close quic connections when server closes

* fix lint

* add comment about CloseGracefully",1711734706
db9d16735458be441abcb12b477d9d1fe630687e,False,1,1,12,12,12.0,5,7,2,0.0,0.0,1.0,2440,389,108,1,Added a null check to avoid segfault on rewrite query ops (#6191),1711173094
e7336cc3bfcf60eb775c60509d521e92a5a3b6fe,False,1,1,17,17,17.0,3,18,15,0.8181818181818182,1.0,1.0,1446,235,68,5,replacer: use RWMutex to protect static provider (#6184),1711044918
97a56d860a2254f4d9939746a33698b365d546d6,False,1,3,47,28,15.666666666666666,20,27,7,0.0,0.0,1.0,9441,1504,464,8,caddyhttp: Allow `header` replacement with empty string (#6163),1711042172
63d597c09d542f4344416b821dc742ddb5fda68f,False,1,1,32,32,32.0,7,34,27,1.0,1.0,1.0,3644,551,59,0,"caddyhttp: Accept XFF header values with ports, when parsing client IP (#6183)",1711040065
c93e30454ffcdc135a2fe762c0b1509b8c7f7f14,False,1,1,10,10,10.0,0,10,10,1.0,1.0,1.0,896,150,30,1,"caddyhttp: suppress flushing if the response is being buffered (#6150)

* suppress flushing if the response is being buffered

* fix lint

---------

Co-authored-by: Matt Holt <mholt@users.noreply.github.com>",1710187400
1bd598e90c9beea54a7e5082bdecff1500752bf1,False,1,1,10,10,10.0,5,5,0,,,,1780,309,71,2,"chore: encode: use FlushError instead of Flush (#6168)

Co-authored-by: Francis Lavoie <lavofr@gmail.com>",1710126275
e698ec5139e94de4702ebd7530546e16393638b9,False,1,1,21,21,21.0,15,6,-9,0.0,0.0,0.0,1777,309,71,2,encode: write status immediately when status code is informational (#6164),1710082189
c27425ef5d112bb71e8b7bf4abfb73464fbf869a,False,1,1,1,1,1.0,0,1,1,,,,2207,395,96,0,httpcaddyfile: Keep deprecated `skip_log` in directive order (#6153),1709840041
5a4374bea055c49c9c38b6a7d41e43742c137341,False,1,1,14,14,14.0,4,10,6,1.0,1.0,0.0,2866,389,105,2,"fileserver: Preserve query during canonicalization redirect (#6109)

* fileserver: Preserve query during canonicalization redirect

* Clarify that only a path should be passed",1709704286
2a78c9c5e428549fbb40b57b1bd78cf7746e37e3,False,1,1,2,2,2.0,1,20,19,,,,408,72,6,1,"httpcaddyfile: Allow nameless regexp placeholder shorthand (#6113)

Co-authored-by: Matt Holt <mholt@users.noreply.github.com>",1709681834
e473ae6803a95a8e85ba867d1fa1d205d98b73d8,False,1,1,41,41,41.0,14,27,13,0.0,0.0,0.0,1983,301,74,1,"cmd: Adjust config load logs/errors (#6032)

* cmd: Adjust config load logs/errors

* Update cmd/main.go

Co-authored-by: Matt Holt <mholt@users.noreply.github.com>

---------

Co-authored-by: Matt Holt <mholt@users.noreply.github.com>",1709666790
de4959fe7b7a6a1ab7a7a12462222efe95fbb661,False,1,1,2,2,2.0,1,1,0,,,,301,140,9,1,cmd: fix the output of the `Usage` section (#6138),1709308829
03f703a00e006a1e53a2eaf5f4e33a1b3a5e4237,False,1,2,66,41,33.0,4,139,135,0.5454545454545454,0.5454545454545454,1.0,3310,532,154,8,"caddytls: verifier: caddyfile: re-add Caddyfile support (#6127)

* caddytls: verifier: caddyfile: re-add Caddyfile support

* appease the linter

* caddytls: client_auth: verifier: change namespace to `tls.client_auth.verifier`",1708895628
da6a569e859f4dfbbebfd084060e15d940de8861,False,1,1,14,14,14.0,2,66,64,0.10526315789473684,0.0,1.0,3732,639,167,2,"reverseproxy: cookie should be Secure and SameSite=None when TLS (#6115)

* reverseproxy: cookie should be Secure and SameSite=None when TLS

* Update modules/caddyhttp/reverseproxy/selectionpolicies_test.go

Co-authored-by: Mohammed Al Sahaf <mohammed@caffeinatedwonders.com>

---------

Co-authored-by: Mohammed Al Sahaf <mohammed@caffeinatedwonders.com>",1708717558
8bbf8ec6299de9967eac756510ee1d92d42a5610,False,1,1,12,12,12.0,4,8,4,0.0,0.0,1.0,808,225,68,1,caddyfile: Assert having a space after heredoc marker to simply check (#6117),1708432160
b893c8c5f856ba7399ed05c8de82fa5c8158ff00,False,1,3,75,52,25.0,40,135,95,0.0,0.8409090909090909,1.0,13035,1924,588,9,"caddyfile: Reject directives in the place of site addresses (#6104)

Co-authored-by: Francis Lavoie <lavofr@gmail.com>",1708302168
174c19a9539443e6651eecf23ab86c7fd5d8c293,False,1,3,321,140,107.0,140,181,41,0.07894736842105263,0.0,0.868421052631579,5216,818,194,19,"core: Apply SO_REUSEPORT to UDP sockets (#5725)

* core: Apply SO_REUSEPORT to UDP sockets

For some reason, 10 months ago when I implemented SO_REUSEPORT
for TCP, I didn't realize, or forgot, that it can be used for UDP too. It is a
much better solution than using deadline hacks to reuse a socket, at
least for TCP.

Then https://github.com/mholt/caddy-l4/issues/132 was posted,
in which we see that UDP servers never actually stopped when the
L4 app was stopped. I verified this using this command:

    $ nc -u 127.0.0.1 55353

combined with POSTing configs to the /load admin endpoint (which
alternated between an echo server and a proxy server so I could tell
which config was being used).

I refactored the code to use SO_REUSEPORT for UDP, but of course
we still need graceful reloads on all platforms, not just Unix, so I
also implemented a deadline hack similar to what we used for
TCP before. That implementation for TCP was not perfect, possibly
having a logical (not data) race condition; but for UDP so far it
seems to be working. Verified the same way I verified that SO_REUSEPORT
works.

I think this code is slightly cleaner and I'm fairly confident this code
is effective.

* Check error

* Fix return

* Fix var name

* implement Unwrap interface and clean up

* move unix packet conn to platform specific file

* implement Unwrap for unix packet conn

* Move sharedPacketConn into proper file

* Fix Windows

* move sharedPacketConn and fakeClosePacketConn to proper file

---------

Co-authored-by: Weidi Deng <weidi_deng@icloud.com>",1697516252
2c48dda109d213be0012743d8afb2d1f017ff878,False,1,1,4,4,4.0,2,2,0,,,,3558,539,59,1,caddyhttp: Only attempt to enable full duplex for HTTP/1.x (#6102),1707849938
e7a534d0a311d9fa75b5981879c755281c4c9fba,False,1,2,9,5,4.5,12,42,30,0.7857142857142857,0.75,1.0,2095,473,142,2,"caddyfile: Reject long heredoc markers (#6098)

Co-authored-by: Mohammed Al Sahaf <msaa1990@gmail.com>",1707676214
8c2a72ad07578ceba74ce04a9cdc45f1c6e2faeb,False,1,1,30,30,30.0,43,3,-40,1.0,1.0,0.0,1446,229,49,5,matchers: Drop `forwarded` option from `remote_ip` matcher (#6085),1707318569
c369df5c375685f35f5b9f47f5790124c28258c9,False,1,1,2,2,2.0,1,13,12,0.0,0.0,1.0,1267,244,74,1,caddyfile: Correctly close the heredoc when the closing marker appears immediately (#6062),1706194500
b9c40e711115d35c2809313aeec42ab10fcd6914,False,1,2,114,66,57.0,27,139,112,0.018867924528301886,0.018867924528301886,1.0,4848,777,215,8,"logging: Automatic `wrap` default for `filter` encoder (#5980)

Co-authored-by: Kévin Dunglas <kevin@dunglas.fr>",1706155222
f5344f8caddee53cebe249712ba7803e22abf9f1,False,1,1,4,4,4.0,1,3,2,0.0,1.0,1.0,503,84,14,1,caddyhttp: Fix panic when request missing ClientIPVarKey (#6040),1706057150
ed7e3c906ab7ab8a91b5ce4d4345c46e4a351d2a,False,1,1,27,27,27.0,7,56,49,0.0,0.8571428571428571,1.0,5783,916,247,1,"matchers: `query` now ANDs multiple keys (#6054)

Co-authored-by: Francis Lavoie <lavofr@gmail.com>",1705891004
c0273f1f049aa66e4426023d8e43d68fbdbccbb6,False,1,2,76,74,38.0,1,145,144,0.0,0.5303030303030303,1.0,2041,464,140,2,caddyfile: Add heredoc support to `fmt` command (#6056),1705890289
d9aded016cc2e1ba5d70bf953030be70d2c15681,False,1,1,5,5,5.0,0,47,47,0.0,0.0,1.0,1263,244,73,1,caddyfile: Allow heredoc blank lines (#6051),1705636638
80acf1bf23890697a12e25f84ae2c6520633da6f,False,1,1,2,2,2.0,2,70,68,0.7777777777777778,1.0,1.0,1379,225,68,1,replacer: Fix escaped closing braces (#5995),1705177443
c2d889f85e6941b892f36c5873d3f9a4995191f8,False,1,1,1,1,1.0,0,1,1,0.0,0.0,1.0,4563,782,205,1,httpcaddyfile: Fix redir <to> html (#6001),1704889487
76611fa15079b755ddf3c859ae2ea0ad2123223f,False,1,3,6,2,2.0,3,3,0,,,,2027,333,69,0,"Switch Solaris-derivatives away from listen_unix (#6021)

Solaris 10 and Illumos are missing SO_REUSEPORT. Treat them more like
Windows (i.e. use the listener pool).",1704535760
787f6b257f3ee34431e4f5a9aa33a5399096a78c,False,1,6,20,5,3.3333333333333335,22,23,1,1.0,1.0,1.0,16029,2507,620,6,"chore: check against errors of `io/fs` instead of `os` (#6011)

* chore: replace `os.ErrNotExist` with `fs.ErrNotExist`

* check against permission error from `io/fs` package",1704174535
f976c84d9e5b3fe5b30102e37527062e6c6a2378,False,1,1,28,28,28.0,9,19,10,0.0,0.0,1.0,4387,754,199,1,httpcaddyfile: Fix cert file decoding to load multiple PEM in one file (#5997),1703086641
da7d8cb26d97d8b797732cc0dcb697edffb693cd,False,1,1,5,5,5.0,2,7,5,0.0,0.0,0.0,7998,1137,354,1,"httpcaddyfile: Sort skip_hosts for deterministic JSON (#5990)

* httpcaddyfile: Sort skip_hosts for deterministic JSON

* Update caddyconfig/httpcaddyfile/httptype.go

Co-authored-by: Mohammed Al Sahaf <msaa1990@gmail.com>

* Fix test

* Bah

---------

Co-authored-by: Mohammed Al Sahaf <msaa1990@gmail.com>",1702929292
387545a895ea71ae9f4f4e512dca136f92e45a74,False,1,1,34,34,34.0,11,142,131,0.09322033898305085,0.09322033898305085,0.9745762711864406,919,151,18,2,metrics: Record request metrics on HTTP errors (#5979),1702671240
4de2c1c65e48a68046817bdc074a25c1750fd38d,False,1,1,8,8,8.0,3,5,2,,,,5195,798,206,1,panic when reading from backend failed to propagate stream error (#5952),1700727498
96f638eaada62134c292c766aeec0b71ade20257,False,1,1,107,107,107.0,50,151,101,0.4647887323943662,0.5070422535211268,1.0,542,100,16,3,httpredirectlistener: Only set read limit for when request is HTTP (#5917),1700483496
3b3d67871446ee6bf1921938ef0f16b6112c7ceb,False,1,1,21,21,21.0,20,1,-19,1.0,1.0,0.0,3343,513,58,1,"Revert ""caddyhttp: Use sync.Pool to reduce lengthReader allocations (#5848)"" (#5924)",1698859022
4e8245df0b289007e84f42212977ea0bd27826d5,False,1,1,8,8,8.0,0,8,8,1.0,1.0,1.0,2280,369,75,1,templates: Delete headers on `httpError` to reset to clean slate (#5905),1697668994
ac1f20b9e470425c1a67939d37883c03175bd827,False,1,1,8,8,8.0,5,49,44,0.0,0.0,0.0,7980,1134,353,1,"httpcaddyfile: Remove port from logger names (#5881)

Co-authored-by: Matt Holt <mholt@users.noreply.github.com>",1697522223
7c82e265da8f90c1a1fee52c57af94587276ac56,False,1,3,196,174,65.33333333333333,70,126,56,0.8666666666666667,1.0,0.6888888888888889,9840,1484,299,15,"core: quic listener will manage the underlying socket by itself (#5749)

* core: quic listener will manage the underlying socket by itself.

* format code

* rename sharedQUICTLSConfig to sharedQUICState, and it will now manage the number of active requests

* add comment

* strict unwrap type

* fix unwrap

* remove comment",1697470095
7984e6f6fd235b033adb933b2030b9ba9bc66eeb,False,1,1,1,1,1.0,0,68,68,0.0,0.0,1.0,3257,463,165,1,httpcaddyfile: Fix TLS automation policy merging with get_certificate (#5896),1697315030
d70608b65612ccf1e61ef4d7e4686ec2d6d9891f,False,1,1,10,10,10.0,0,10,10,0.0,0.0,1.0,1698,244,52,1,cmd: upgrade: resolve symlink of the executable (#5891),1697231962
1f60328e1740143f76bdee598281ebce8c4c8e3f,False,1,1,7,7,7.0,0,11,11,0.0,0.5714285714285714,1.0,860,112,25,1,caddyfile: Fix variadic placeholder false positive when token contains `:` (#5883),1697178500
0e204b730aa2b1fa0835336b1117eff8c420f713,False,1,1,16,16,16.0,2,20,18,0.0,0.0,0.3333333333333333,5770,930,206,1,"admin: Respond with 4xx on non-existing config path (#5870)

Co-authored-by: Matt Holt <mholt@users.noreply.github.com>",1697055869
e8b8d4a8cdf116bf05345443e37a21ea7a37b8bb,False,1,1,2,2,2.0,1,1,0,,,,3714,640,173,1,reverseproxy: Fix `least_conn` policy regression (#5862),1697040268
33d8d2c6b5e070d108d69853b8d56fb2f89a1f31,False,1,1,1,1,1.0,0,1,1,0.0,0.0,0.0,7958,1129,352,1,"httpcaddyfile: Sort TLS SNI matcher for deterministic JSON output (#5860)

* httpcaddyfile: Sort TLS SNI matcher, for deterministic adapt output

* Update caddyconfig/httpcaddyfile/httptype.go

---------

Co-authored-by: Matt Holt <mholt@users.noreply.github.com>",1697039227
9c419f1e1a4a82a8ed49bac3d54050890cb3e58e,False,1,4,269,207,67.25,106,164,58,1.0,1.0,1.0,7588,1485,264,19,"cmd: Fix exiting with custom status code, add `caddy -v` (#5874)

* Simplify variables for commands

* Add --envfile support for adapt command

* Carry custom status code for commands to os.Exit()

* cmd: add `-v` and `--version` to root caddy command

* Add `--envfile` to `caddy environ`, extract flag parsing to func

---------

Co-authored-by: Mohammed Al Sahaf <msaa1990@gmail.com>",1697039178
b245ecd325428966ac4e4c208e268967d0e0cb83,False,1,1,17,17,17.0,5,70,65,0.0,0.0,1.0,7663,1204,394,1,reverseproxy: fix parsing Caddyfile fails for unlimited request/response buffers (#5828),1697013760
2a6859a5e46227473220c653668fa9da9f00b14e,False,1,1,26,26,26.0,9,17,8,0.0,0.0,0.0,5137,788,202,3,"reverseproxy: Fix retries on ""upstreams unavailable"" error (#5841)",1696975640
df9950297793fbe3930cd3151b6f1a3cea893a38,False,1,1,12,12,12.0,1,48,47,0.0,0.0,0.0,7952,1128,352,1,httpcaddyfile: Enable TLS for catch-all site if `tls` directive is specified (#5808),1696974399
5653c36bc23d19a679f81023a760e4b20dc2c733,False,1,1,1,1,1.0,0,1,1,0.0,0.0,1.0,2174,356,73,1,"templates: Add dummy `RemoteAddr` to `httpInclude` request, proxy compatibility (#5845)

* Enhancement: Allow X-Forwarded-For Header in httpInclude Virtual Requests

The goal of this enhancement is to modify the funcHTTPInclude function in the Caddy codebase to include the X-Forwarded-For header in the virtual request. This change will enable reverse proxies to set the X-Forwarded-For header, ensuring that the client's IP address is correctly provided to the target endpoint. This modification is essential for applications that depend on the X-Forwarded-For header for various functionalities, such as authentication, logging, or content customization.

* Updated tplcontext.go - set `virtReq.RemoteAddr = ""127.0.0.1""`

i have made the suggested changes

* Apply suggestions from code review

* Update modules/caddyhttp/templates/tplcontext.go

---------

Co-authored-by: Francis Lavoie <lavofr@gmail.com>",1696711654
4feac4d83cd758c95194090d4f3468373ee342ef,False,1,1,6,6,6.0,6,0,-6,1.0,1.0,1.0,5117,783,201,1,reverseproxy: Allow fallthrough for response handlers without routes (#5780),1696562126
1e0dea59efc606f0eaec09993649930d12961bb9,False,1,1,4,4,4.0,2,2,0,,,,2168,330,70,1,"reverseproxy: fix nil pointer dereference in AUpstreams.GetUpstreams (#5811)

fix a nil pointer dereference in AUpstreams.GetUpstreams when AUpstreams.Versions is not set (fixes caddyserver#5809)

Signed-off-by: Pascal Vorwerk <info@fossores.de>",1694387282
2cac3c5491e6428441ecf668cc4f5a86e67ed9b3,False,1,2,178,92,89.0,71,109,38,0.9090909090909091,1.0,0.8181818181818182,8310,1196,354,7,"httpcaddyfile: fix placeholder shorthands in named routes (#5791)

Co-authored-by: Francis Lavoie <lavofr@gmail.com>",1694198324
ea58d519078916d4cf273628653e348befbaf6c0,False,1,1,83,83,83.0,24,171,147,0.42016806722689076,0.5126050420168067,1.0,2557,442,106,5,"logging: Perform filtering on arrays of strings (where possible) (#5101)

* logging: Perform filtering on arrays of strings (where possible)

* Add test for ip_mask filter

* Oops, need to continue when it's not an IP

* Test for invalid IPs",1664947283
f2ab7099db6d8386299796e6eef8e30f65b21bcc,False,1,3,90,42,30.0,33,57,24,0.0,0.0,1.0,7204,1323,251,6,"cmd: Prevent overwriting existing env vars with `--envfile` (#5803)

Co-authored-by: Francis Lavoie <lavofr@gmail.com>",1694053164
c46ec3b500774e554ef0612530acc941b8b92bd4,False,1,1,13,13,13.0,3,10,7,1.0,1.0,1.0,2611,447,106,3,"logging: Clone array on log filters, prevent side-effects (#5786)

Fixes https://caddy.community/t/is-caddy-mutating-header-content-from-logging-settings/20947",1693330899
7103ea096fffd851a5efd67fd6d30cf65bc38873,False,1,1,4,4,4.0,0,9,9,0.0,0.0,1.0,1253,240,72,1,"caddyfile: Fix case where heredoc marker is empty after newline (#5769)

Fixes `panic: runtime error: slice bounds out of range [:3] with capacity 2`

Co-authored-by: Matt Holt <mholt@users.noreply.github.com>",1692847677
4776f62caa36c580d24be8e55ebc6a61ae129f51,False,1,1,5,5,5.0,1,4,3,,,,1366,225,67,1,"replacer: change timezone to UTC for ""time.now.http"" placeholders (#5774)",1692686485
10053f7570b113d41c5a5ba40e6c457ab0784ef5,False,1,1,16,16,16.0,15,61,46,0.0,0.0,1.0,1231,237,71,1,caddyfile: Loosen heredoc parsing (#5761),1692441152
936ee918ee00bcdf05d2f44a7fa292c054d64700,False,1,2,46,34,23.0,19,27,8,0.8571428571428571,1.0,1.0,7285,1116,270,5,"reverseproxy: Always return new upstreams (fix #5736) (#5752)

* reverseproxy: Always return new upstreams (fix #5736)

* Fix healthcheck logger race",1692293620
d8135505d38ca872d507418d2017f4dbf352f06a,False,1,2,62,57,31.0,19,43,24,0.0,0.0,1.0,5298,842,216,4,"cmd: Require config for caddy validate (fix #5612) (#5614)

* Require config for caddy validate - fixes #5612

Signed-off-by: Pistasj <hi@pistasjis.net>

* Try making adjacent Caddyfile check its own function

Signed-off-by: Pistasj <hi@pistasjis.net>

* add Francis' suggestion

Co-authored-by: Francis Lavoie <lavofr@gmail.com>

* Refactor

* Fix borked commit, sigh

---------

Signed-off-by: Pistasj <hi@pistasjis.net>
Co-authored-by: Francis Lavoie <lavofr@gmail.com>
Co-authored-by: Matthew Holt <mholt@users.noreply.github.com>",1691602837
a8492c064df48bb1b2830fb82cf740cfeba4b2b2,False,1,1,9,9,9.0,2,7,5,0.0,0.0,0.0,3000,397,110,1,fileserver: Don't repeat error for invalid method inside error context (#5705),1691601129
8d304a4566de36219b31e1cb5a636431362c673c,False,1,3,106,56,35.333333333333336,37,73,36,0.0,0.0,0.0,6819,1086,277,5,"cmd: Split unix sockets for admin endpoint addresses (#5696)

* cmd: fix cli when admin endpoint uses new unix socket permission format

Fixes a bug where the following Caddyfile

```Caddyfile
{
	admin unix/admin.sock|0660
}
```

and `caddy reload --config Caddyfile`
would throw the following error instead of reloading it:

```
INFO    using provided configuration    {""config_file"": ""Caddyfile"", ""config_adapter"": """"}
Error: sending configuration to instance: performing request: Post ""http://127.0.0.1/load"": dial unix admin.sock|0660: connect: no such file or directory
[ERROR] exit status 1
```

---

This bug also affected `caddy start` and `caddy stop`.

* Move splitter function to internal

---------

Co-authored-by: Matthew Holt <mholt@users.noreply.github.com>",1691280556
65e33fc1ee4798bb3450f6e291bfc88404982636,False,1,3,95,67,31.666666666666668,40,365,325,1.0,1.0,1.0,9784,1555,475,8,"reverseproxy: do not parse upstream address too early if it contains replaceble parts (#5695)

* reverseproxy: do not parse upstream address too early if it contains replaceble parts

* remove unused method

* cleanup

* accommodate partially replaceable port",1691271002
9f34383c02f1691e54280285a6499893fcbbb4c7,False,1,1,10,10,10.0,0,40,40,0.0,0.8285714285714286,1.0,834,109,23,2,caddyfile: check that matched key is not a substring of the replacement key (#5685),1691167478
cee4441cb1d485b38d728168a315cda5641d84fb,False,1,1,50,50,50.0,5,99,94,0.10909090909090909,0.41818181818181815,1.0,3121,500,154,5,"caddyfile: Do not replace import tokens if they are part of a snippet (#5539)

* fix variadic placeholder in imported file which also imports

* fix tests.

* skip replacing args when imported token may be part of a snippet",1684791415
e2fc08bd34cc17b8cbb6ac364fa1ec41c4c643b9,False,1,1,23,23,23.0,11,12,1,,,,2325,356,83,1,reverseproxy: Fix hijack ordering which broke websockets (#5679),1691035692
19139307833fcb36d8af612dfc982b49032f259e,False,1,1,4,4,4.0,2,2,0,,,,1775,291,72,2,encode: Fix infinite recursion (#5672),1691022071
f66493efef4d909fdeb68a2ce8131d58e17333b3,False,1,2,57,32,28.5,14,43,29,,,1.0,9048,1459,345,2,core: Allow loopback hosts for admin endpoint (fix #5650) (#5664),1690996432
da23501457e90024814fe0149aaa57dd4384227a,False,1,1,25,25,25.0,6,19,13,,,,5141,787,203,1,reverseproxy: Connection termination cleanup (#5663),1690898472
b51dc5d5d0b8764165170af1f54b77d6de8cb5a1,False,1,3,62,52,20.666666666666668,20,42,22,0.8333333333333334,0.8333333333333334,1.0,11194,1836,441,7,"core: Refine mutex during reloads (fix #5628) (#5645)

Separate currentCtxMu to protect currentCtx, and a new
rawCfgMu to protect rawCfg and synchronize loads.",1689975140
bbe1952a59a196b7598c6488beb770ec38a70dfc,False,1,3,55,28,18.333333333333332,25,103,78,0.25,1.0,1.0,6141,1027,315,6,"caddyfile: Fix comparing if two tokens are on the same line (#5626)

* fix comparing if two tokens are on the same line

* compare tokens from copies when importing",1689193942
710824c3ce9f8084517e8ab099d57f9060f62061,False,1,1,40,40,40.0,23,17,-6,0.0,0.0,0.0,3436,531,136,4,"core: Embed net.UDPConn to gain optimizations (#5606)

Co-authored-by: Matt Holt <mholt@users.noreply.github.com>",1688164286
119e8794bcbda80ca337c1bb6164718e1490cc4f,False,1,1,15,15,15.0,4,11,7,0.0,0.0,0.0,3507,541,140,1,"core: Skip `chmod` for abstract unix sockets (#5596)

because those aren't real paths on the filesystem and thus can't be `chmod`ed",1687652702
7a69ae757197660d26095045fba385c613926d77,False,1,1,41,41,41.0,16,25,9,0.0,0.0,0.0,1983,319,71,1,reverseproxy: Honor `tls_except_port` for active health checks (#5591),1687472430
a02ecb0f88cb1c290c0cf940431aff8a6e1891ed,False,1,1,4,4,4.0,2,2,0,,,,2289,361,106,2,"caddytls: Check for nil ALPN; close #5470 (#5473)

* Check for nil ALPN; close #5470

* Apply patch

* Actually I want to try this",1683983360
808b05c3b47dc82d7e13fccee00a67c45a072a23,False,1,1,84,84,84.0,5,79,74,0.9761904761904762,1.0,0.9761904761904762,3360,523,133,4,"caddyhttp: Update quic's TLS configs after reload (#5517) (fix #4849)

* fix http3 outdated certificates after config reload

* delegate quic tls GetConfigForClient to another struct.

* change type and method names
fix lint

---------

Co-authored-by: Matt Holt <mholt@users.noreply.github.com>",1683750309
c8032867b14e52d18c239ed97140be3ae05d9f2f,False,1,1,1,1,1.0,0,1,1,0.0,0.0,1.0,1671,268,50,1,fastcgi: Fix `capture_stderr` (#5515),1683160849
2b04e09fa7830a2d24d863e448ebbdc51d537fbe,False,1,1,2,2,2.0,0,2,2,1.0,1.0,1.0,340,67,13,1,"reverseproxy: Fix reinitialize upstream healthy metrics (#5498)

Co-authored-by: Dávid Szabó <david.szabo97@gmail.com>",1682438366
53b6fab125f3f2f149d59fcfe13b1e8b1735da56,False,1,4,978,973,244.5,487,499,12,0.0,0.0,1.0,12239,1984,584,4,"caddyfile: Stricter parsing, error for brace on new line (#5505)",1682016231
b301a3df70232fe00de186b0586dcec8bf0d2559,False,1,1,5,5,5.0,1,4,3,1.0,1.0,1.0,3376,496,92,2,celmatcher: Implement `pkix.Name` conversion to string (#5492),1681919722
330be2d8c793147d3914f944eecb96c18f2eabff,False,1,1,33,33,33.0,29,82,53,1.0,1.0,1.0,2019,353,86,3,httpcaddyfile: Adjust path matcher sorting to solve for specificity (#5462),1679946224
0cc49c053f77bf6efa8107fa50d2e256a91d0ff8,False,1,2,38,23,19.0,15,23,8,1.0,1.0,1.0,3675,614,144,4,"caddytls: Zero out throttle window first (#5443)

* caddytls: Zero out throttle window first

* Don't error for on-demand 

Fixes https://github.com/caddyserver/caddy/commit/b97c76fb4789b8da0b80f5a2c1c1c5bebba163b5

---------

Co-authored-by: Francis Lavoie <lavofr@gmail.com>",1679335560
2182270a2cb2861f5358bb41b81caee49bb7d0dd,False,1,1,3,3,3.0,1,2,1,0.0,0.0,1.0,5457,828,223,1,"reverseproxy: Reset Content-Length to prevent FastCGI from hanging (#5435)

Fixes: https://github.com/caddyserver/caddy/issues/5420",1678988536
b3f0cea2c31f6137cd1604ba31afffdbfc8b70ee,False,1,1,14,14,14.0,0,14,14,1.0,1.0,1.0,1758,289,71,1,encode: flush status code when hijacked. (#5419),1678119228
99d47050e97a8ccac2aad3bda46be46d4fec85ed,False,1,3,47,36,15.666666666666666,13,36,23,1.0,1.0,0.0,3716,551,131,2,"core: Eliminate unnecessary shutdown delay on Unix (#5413)

* core: Eliminate unnecessary shutdown delay on Unix

Fix #5393, alternate to #5405

* Comments, cleanup, adjust logs

* Fix build constraint",1677816018
85375861f6a903da9af8aa665552a6546d075c9f,False,1,1,21,21,21.0,8,13,5,0.0,0.0,1.0,1410,234,62,2,"caddyhttp: Fix `vars_regexp` matcher with placeholders (#5408)

Changed to match the `vars` matcher's logic for handling placeholders",1677772914
f3379f650a3de0e83903e3aa34d39b4ec647ee50,False,1,1,19,19,19.0,17,77,60,0.0,0.07017543859649122,1.0,1182,231,67,2,"caddyfile: Fix heredoc fuzz crasher, drop trailing newline (#5404)

Co-authored-by: Mohammed Al Sahaf <msaa1990@gmail.com>",1677448608
79de6df93d0404790c3bfecfefa9e1458ffcff75,False,1,4,12,4,3.0,6,6,0,,,,9827,1625,417,6,cmd: Strict unmarshal for validate (#5383),1677091180
4b119a475fa345e7d6eb44c71cdf7ab645bd381e,False,1,2,121,86,60.5,41,80,39,0.0,0.0,1.0,12609,1954,595,7,"reverseproxy: Don't buffer chunked requests (fix #5366) (#5367)

* reverseproxy: Don't buffer chunked requests (fix #5366)

Mostly reverts 845bc4d50b437995d574819850206e4b3db4040d (#5289)

Adds warning for unsafe config.

Deprecates unsafe properties in favor of simpler, safer designed ones.

* Update modules/caddyhttp/reverseproxy/caddyfile.go

Co-authored-by: Y.Horie <u5.horie@gmail.com>

* Update modules/caddyhttp/reverseproxy/reverseproxy.go

Co-authored-by: Y.Horie <u5.horie@gmail.com>

* Update modules/caddyhttp/reverseproxy/reverseproxy.go

Co-authored-by: Y.Horie <u5.horie@gmail.com>

* Remove unused code

---------

Co-authored-by: Y.Horie <u5.horie@gmail.com>",1676161529
845bc4d50b437995d574819850206e4b3db4040d,False,1,1,23,23,23.0,6,17,11,0.8,0.9,1.0,5387,820,222,4,"reverseproxy: Fix hanging for Transfer-Encoding: chunked (#5289)

* Fixes #5236
* enable request body buffering in reverse proxy
  when the request header has Transfer-Encoding: chunked",1673248414
d4a7d89f564234e44012a763cc28c5a3991bd98e,False,1,1,2,2,2.0,23,23,0,,,,2289,394,110,1,"reverseproxy: Improve hostByHashing distribution (#5229)

* If upstreams are all using same host but with different ports
ie:
foobar:4001
foobar:4002
foobar:4003
...
Because fnv-1a has not a good enough avalanche effect
Then the hostByHashing result is not well balanced over
all upstreams

As last byte FNV input tend to affect few bits, the idea is to change
the concatenation order between the key and the upstream strings
So the upstream last byte have more impact on hash diffusion",1670264892
8d3a1b8bcbc36930ca3ad0a6b38604ceaa697ecb,False,1,1,13,13,13.0,2,12,10,0.6,0.8,1.0,1127,175,37,3,"caddyauth: Use singleflight for basic auth (#5344)

* caddyauth: Add singleflight for basic auth

* Fixes #5338
* it occurred the thunder herd problem like this https://medium.com/@mhrlife/avoid-duplicate-requests-while-filling-cache-98c687879f59

* Update modules/caddyhttp/caddyauth/basicauth.go

Fix comment

Co-authored-by: Francis Lavoie <lavofr@gmail.com>

---------

Co-authored-by: Francis Lavoie <lavofr@gmail.com>
Co-authored-by: Matt Holt <mholt@users.noreply.github.com>",1675708143
8c0b49bf039bc0b6ab72b44ef0e1e6587c76ad2b,False,1,1,5,5,5.0,1,4,3,0.0,0.0,1.0,3310,533,138,1,"cmd: `fmt` exit successfully after overwriting config file (#5351)

Fixes https://github.com/caddyserver/caddy/issues/5349",1675182284
8d6870fd068aa3ea472a46f34d219f41703e2ddb,False,1,2,4,2,2.0,2,2,0,,,,1666,536,32,3,"chore: Fix typo, coral -> cobra (#5325)",1674314878
c38a040e85a7d277299acaab39bdad171bc45675,False,1,3,33,16,11.0,21,93,72,1.0,0.0,0.0,13406,2111,590,5,"httpcaddyfile: Fix `handle` grouping inside `route` (#5315)

Co-authored-by: Francis Lavoie <lavofr@gmail.com>",1674075881
e450a7377b00f7f2a99042ba8e440fed69072028,False,1,1,4,4,4.0,0,4,4,0.0,0.0,1.0,954,189,28,1,reverseproxy: Don't enable auto-https when `--from` flag is http (#5269),1673037727
d74f6fd96790fc8f5abf302d9b10b0d333273d0d,False,1,1,5,5,5.0,1,4,3,0.0,0.0,0.0,1656,264,53,1,"reverseproxy: Set origreq in active health check (#5284)

* reverseproxy: Set origreq in active health check

Fix #5281

* Oops; dereference Request",1673035598
087f126cf4c8750424b26f177aa7f426be806b7f,False,1,1,3,3,3.0,1,2,1,,,,1801,317,70,1,caddyhttp: Canonicalize header field names (#5176),1667075744
ee7c92ec9b57c671c9091ff993b1a24251020c25,False,1,17,324,118,19.058823529411764,123,209,86,0.0,0.42857142857142855,0.42857142857142855,12648,2138,533,9,"reverseproxy: Mask the WS close message when we're the client (#5199)

* reverseproxy: Mask the WS close message when we're the client

* weakrand

* Bump golangci-lint version so path ignores work on Windows

* gofmt

* ugh, gofmt everything, I guess",1668443882
33fdea8f261c306a47b07a6df2c3cb8fe2ad2d5d,False,1,1,3,3,3.0,0,3,3,0.0,0.0,1.0,2106,311,64,1,"caddypki: Prefer user-configured root instead of generating new one (#5189)

instead of generating a new root certificate at the default location
load the certificate from the configuration.
fixes: #5181",1667934826
bbe366316771ea23381a473a528e71a72a7148a5,False,1,1,4,4,4.0,2,2,0,0.0,0.0,0.0,893,144,37,1,"caddyconfig: Fix httploader leak from unused responses (#5159)

fixes #5158

Signed-off-by: Chris Lahaye <mail@chrislahaye.com>

Signed-off-by: Chris Lahaye <mail@chrislahaye.com>",1666634310
4bf6cb41990e16b1d99015aea080d06d7ef1152d,False,1,1,14,14,14.0,1,15,14,0.0,0.0,0.0,2882,380,101,1,"fileserver: Reject ADS and short name paths; trim trailing dots and spaces on Windows (#5148)

* fileserver: Reject ADS and short name paths

* caddyhttp: Trim trailing space and dot on Windows

Windows ignores trailing dots and spaces in filenames.

* Fix test

* Adjust path filters

* Revert Windows test

* Actually revert the test

* Just check for colons",1666151725
3e1fd2a8d4d1463574033fbbdf5c27a693f9a86c,False,1,2,34,32,17.0,81,116,35,0.0,0.0,0.0,9806,1405,406,1,"httpcaddyfile: Wrap site block in subroute if host matcher used (#5130)

* httpcaddyfile: Wrap site block in subroute if host matcher used (fix #5124)

* Correct boolean logic (oops)",1665588428
d46ba2e27fca841c289629fcc5ecf86b7f47d1f9,False,1,1,2,2,2.0,1,1,0,,,,1389,231,68,1,httpcaddyfile: Fix `metrics` global option parsing (#5126),1665106808
99ffe9338837eff80def7e5d51c2a0e02f56abdb,False,1,4,58,33,14.5,38,23,-15,1.0,1.0,1.0,16153,2529,648,6,"logging: Fix `skip_hosts` with wildcards (#5102)

Fix #4859",1664993653
2153a81ec85da99dcd33aa87ff0df5d286f00e9d,False,1,1,39,39,39.0,21,18,-3,1.0,1.0,0.0,667,138,21,1,forwardauth: Canonicalize header fields (fix #5038) (#5097),1664948221
01e192edc9e11ceb92dd02eb79efde087838831a,False,1,1,43,43,43.0,19,24,5,1.0,1.0,1.0,969,203,56,1,"logging: Better `console` encoder defaults (#5109)

This is something that has bothered me for a while, so I figured I'd do something about it now since I'm playing in the logging code lately.

The `console` encoder doesn't actually match the defaults that zap's default logger uses. This makes it match better with the rest of the logs when using the `console` encoder alongside somekind of filter, which requires you to configure an encoder to wrap.",1664939928
2808de1e30b873f9c8f4693eae59bd56f20ebbbe,False,1,1,14,14,14.0,4,68,64,0.0,0.0,0.0,3288,470,166,1,httpcaddyfile: Skip `automate` when `auto_https off` is specified (#5110),1664938699
da24f57daca431704f953500386758eae2b8de1b,False,1,1,2,2,2.0,1,1,0,,,,165,30,8,1,Fix inverted logic in Windows service detection (#5106),1664744214
253d97c93dce9a3365e67d0360b2e47dd165578e,False,1,1,11,11,11.0,0,11,11,1.0,1.0,1.0,195,36,9,1,"core: Chdir to executable location on Windows (#5115)

Since all Windows services are run from the Windows system directory,
make it easier for users by switching to our program directory right
after the start.",1664903042
61822f129b9edbbc1ed2fd068d8e5ba919b5881d,False,1,1,2,2,2.0,1,23,22,0.0,0.0,1.0,789,129,35,2,"caddyhttp: replace placeholders in map defaults (#5081)

This updates the map directive to replace placeholders in default values
in the same way as matched values.",1664393900
d0556929a4a574ea67be4c1ca2a2741b0f7a52c2,False,1,1,2,2,2.0,1,1,0,,,,933,186,27,1,"reverseproxy: fix upstream scheme handling in command (#5088)

e338648fed3263200dfd6abc9f8100c6f1c0eb67 introduced multiple upstream
addresses. A comment notes that mixing schemes isn't supported and
therefore the first valid scheme is supposed to be used.

Fixes setting the first scheme.

fixes #5087",1664305410
1426c97da57fc84d8b584a960c43fbb58df68b80,False,1,4,170,115,42.5,36,134,98,0.0,0.0,0.0,3434,513,125,7,"core: Reuse unix sockets (UDS) and don't try to serve HTTP/3 over UDS (#5063)

* core: Reuse unix sockets

* Don't serve HTTP/3 over unix sockets

This requires upstream support, if even useful

* Don't use unix build tag... yet

* Fix build tag

* Allow ErrNotExist when unlinking socket",1663786523
44ad0cedafcd32d5edcf3c6ed62834641d10fa2f,False,1,1,5,5,5.0,4,1,-3,1.0,1.0,0.0,1651,273,65,2,encode: don't WriteHeader unless called (#5060),1663770642
821a08a6e39ed0e7c43b0271ccf126c194eb6339,False,1,1,2,2,2.0,3,3,0,,,,1381,231,68,1,"httpcaddyfile: Fix `protocols` global option parsing (#5054)

* httpcaddyfile: Fix `protocols` global option parsing

When checking for a block, the current nesting must be used, otherwise it returns the wrong thing.

* Adjust adapt test to cover the broken behaviour that is now fixed

* Fix some admin tests which suddenly run even with -short",1663682944
e3d04ff86b5bf886bc4c6cf7806987eeda96d163,False,1,1,30,30,30.0,10,20,10,0.0,0.0,1.0,2434,400,113,1,caddyhttp: Skip inserting HTTP->HTTPS redir if catch-all for both exist (#5051),1663647079
c7a6bc59345ca4075cc8bf97bd80900d28d8e05d,False,1,1,4,4,4.0,1,3,2,,,,813,141,29,1,caddyhttp: responseRecorder save status in all cases (#5049),1663462073
a1ad20e4720391d847c58fcdcef7c8d9c287faf2,False,1,1,36,36,36.0,12,24,12,0.0,0.0,0.0,1585,248,72,1,"httpcaddyfile: Fix bind when IPv6 is specified with network (#4950)

* fix listening on IPv6 addresses: use net.JoinHostPort

Commit 1e18afb5c862d62be130d563785de5c58f08ae8e broke my caddy setup.
This commit fixes it.

* Refactor solution; simplify, add descriptive comment

* Move network to host, not copy

Co-authored-by: Matthew Holt <mholt@users.noreply.github.com>",1663250604
61c75f74dec6b0524feef9b24ef8d6005f096b09,False,1,1,13,13,13.0,0,13,13,0.0,0.0,1.0,6649,1050,278,2,"caddyhttp: Explicitly disallow multiple regexp matchers (#5030)

* caddyhttp: Explicitly disallow multiple regexp matchers

Fix #5028

Since the matchers would overwrite eachother, we should error out to tell the user their config doesn't make sense.

* Update modules/caddyhttp/matchers.go

Co-authored-by: Matt Holt <mholt@users.noreply.github.com>",1663089517
922d9f5c251a27bc9f76c4b74bde151cc03cc9b3,False,1,1,96,96,96.0,65,57,-8,1.0,0.0,1.0,2274,364,81,5,reverseproxy: Fix H2C dialer using new stdlib `DialTLSContext` (#4951),1660331473
fe61209df2d8ecbff7371703ae2dfa58342d2ed9,False,1,1,11,11,11.0,4,18,14,0.0,0.6,1.0,2377,415,98,1,logging: Fix `cookie` filter (#4943),1660007462
ff2ba6de8a312813140b5db24f14a407e98f4509,False,1,2,14,10,7.0,0,14,14,0.8571428571428571,0.8571428571428571,1.0,2323,373,101,4,"caddyhttp: Clear out matcher error immediately after grabbing it (#4916)

Co-authored-by: Matthew Holt <mholt@users.noreply.github.com>",1659043188
abad9bc256eea7353b9959d066f5b7ea64990a22,False,1,2,45,41,22.5,18,27,9,0.0,0.0,0.0,4575,768,173,6,cmd: Fix reload with stdin (#4900),1658362473
a22c08a6385772861173f21ebab3ac0b63796402,False,1,1,6,6,6.0,1,5,4,,,,2473,403,52,0,caddyhttp: Fix for nil `handlerErr.Err` (#4977),1661264266
e289ba6187ddd50afc86feb85246a14298673a69,False,1,1,2,2,2.0,1,1,0,,,,785,134,25,1,templates: cap of slice should not be smaller than length (#4975),1661264762
72541f1cb81a97466afcdf0a6164367c499a9f81,False,1,1,3,3,3.0,1,2,1,,,,2447,399,52,0,caddyhttp: Set `http.error.message` to the HandlerError message (#4971),1661232667
4c282e86dae16359370f410e29dc96dc5aeeb449,False,1,1,6,6,6.0,2,4,2,0.0,0.0,1.0,5627,908,203,2,"admin: Don't stop old server if new one fails (#4964)

Fixes #4954

Co-authored-by: Matthew Holt <mholt@users.noreply.github.com>",1661487472
dc62d468e9645f52a5e1b4f6093dff65137ab3fe,False,1,1,1,1,1.0,0,1,1,0.0,0.0,0.0,1164,157,30,1,fileserver: reset buffer before using it (#4962) (#4963),1660624305
d062fb40201b321c492da9b50ab8d107e0bb3c5f,False,1,2,22,13,11.0,0,22,22,0.0,0.0,1.0,5041,820,164,1,caddyhttp: Copy logger config to HTTP server during AutoHTTPS (#4990),1662089514
53c4d788d4bbc00d396be743a2c0b36482e53c6e,False,1,1,20,20,20.0,10,10,0,,,,1478,234,65,1,headers: Only replace known placeholders (#4880),1657649763
58e05cab155643c6543892855f373ea8755eb094,False,1,1,46,46,46.0,22,24,2,1.0,1.0,0.0,666,140,21,1,"forwardauth: Fix case when `copy_headers` is omitted (#4856)

See https://caddy.community/t/using-forward-auth-and-writing-my-own-authenticator-in-php/16410, apparently it didn't work when `copy_headers` wasn't used. This is because we were skipping adding a handler to the routes in the ""good response handler"", but this causes the logic in `reverseproxy.go` to ignore the response handler since it's empty. Instead, we can just always put in the `header` handler, even with an empty `Set` operation, it's just a no-op, but it fixes that condition in the proxy code.",1656465810
98468af8b6224d29431576fe30a7d92a8676030d,False,1,3,120,71,40.0,138,34,-104,1.0,1.0,0.23076923076923078,6369,1002,250,5,reverseproxy: Fix double headers in response handlers (#4847),1655925014
25f10511e7ef80c10493519499c479f6ffa49a0f,False,1,1,39,39,39.0,16,23,7,1.0,1.0,1.0,2005,329,72,4,"reverseproxy: Fix panic when TLS is not configured (#4848)

* reverseproxy: Fix panic when TLS is not configured

* Refactor and simplify setScheme

Co-authored-by: Matthew Holt <mholt@users.noreply.github.com>",1655924517
b687d7b9670890efd8dc065fb7a025cd0c3a1445,False,1,2,29,18,14.5,8,29,21,0.5,0.5625,1.0,4013,640,181,5,"httpcaddyfile: Support multiple values for `default_bind` (#4774)

* httpcaddyfile: Support multiple values for `default_bind`

* Fix ordering of server blocks",1652059930
f7be0ee10131f25620a2f64af7e3ded43eae2049,False,1,2,89,84,44.5,28,61,33,0.6190476190476191,1.0,1.0,7484,1073,323,4,map: Prevent output destinations overlap with Caddyfile shorthands (#4657),1651854331
4a223f52038cb77bbf97ca3f3345550dea4e12d8,False,1,1,33,33,33.0,19,37,18,,,,6371,1007,331,1,reverseproxy: Fix Caddyfile support for `replace_status` (#4754),1651513468
af7321511c960120d61cfd22e031f43071d5a9c2,False,1,1,18,18,18.0,8,55,47,,,,7025,993,302,1,httpcaddyfile: Fix duplicate access log when debug is on (#4746),1651162585
2e4c09155a750895a306f8900a6d5f4597db5287,False,1,1,2,2,2.0,1,1,0,,,,3661,587,147,1,"cmd: Fix unix socket addresses for admin API requests (#4742)

Fixes a regression in c2327161f725c820826587381f37d651a2b9736d",1651156319
dcc98da4d25dc13183f4bb4e913439a160bb1adf,False,1,1,10,10,10.0,3,7,4,0.0,0.0,1.0,2361,385,109,1,caddyhttp: Improve listen addr error message for IPv6 (#4740),1651155525
d543ad1ffd81e12476378fd1bfe2e8afbf562506,False,1,1,4,4,4.0,2,2,0,,,,882,176,25,2,caddypki: Fix `caddy trust` command to use the correct API endpoint (#4730),1650945639
a8bb4a665af358f61a7ac0eabac8df2110cb6a36,False,1,2,30,29,15.0,7,82,75,0.0,0.0,1.0,9042,1342,389,3,"httpcaddyfile: Add `{vars.*}` placeholder shortcut, reverse `vars` sort order (#4726)

* httpcaddyfile: Add `{vars.*}` placeholder shortcut

I'm yoinking this from my https://github.com/caddyserver/caddy/pull/4657 PR because I think we should get this in ASAP for v2.5.0 along with the new `vars` directive.

* Sort vars by matchers in reverse",1650905232
bc15b4b0e799c52be8be86e85e9624141319474d,False,1,1,33,33,33.0,9,30,21,0.9,1.0,1.0,2104,308,63,3,"caddypki: Load intermediate for signing on-the-fly (#4669)

* caddypki: Load intermediate for signing on-the-fly

Fixes #4517

Big thanks to @maraino for adding an API in `smallstep/certificates` so that we can fix this

* Debug log

* Trying a hunch, does it need to be a pointer receiver?

* Clarify pointer receiver

Co-authored-by: Matt Holt <mholt@users.noreply.github.com>

Co-authored-by: Matt Holt <mholt@users.noreply.github.com>",1649866842
22d8edb984b9a0cbe5d205f823b455920464bb95,False,1,1,6,6,6.0,2,4,2,0.0,0.0,0.0,3545,570,142,1,"cmd: Fix defaulting admin address if empty in config, fixes `reload` (#4674)",1649001873
a58f240d3ecbb59285303746406cab50217f8d24,False,1,3,21,13,7.0,2,75,73,0.7272727272727273,0.7272727272727273,1.0,12137,1785,544,4,"httpcaddyfile: Fix #4640 (auto-HTTPS edgecase) (#4661)

Guh, this is complicated.

Fixes #4640

This also follows up on #4398 (reverting it) which made a change that technically worked, but was incorrect. It changed the condition in `hostsFromKeysNotHTTP` from `&&` to `||`, but then the function no longer did what its name said it would do, and it would return hosts even if they were marked with `http://`, if they used a non-HTTP port. That wasn't the intent of it. The test added in there was kept though, because it is a valid usecase.

The actual fix is to check _earlier_ whether all the addresses explicitly have `http://`, and if so we can short circuit and skip considering the rest.",1648184043
134b8056444d8f417c0eb4163809f9659ffc3317,False,1,2,65,58,32.5,2,77,75,0.5714285714285714,0.5714285714285714,1.0,4419,723,221,3,"caddyfile: Prevent bad block opening tokens (#4655)

* caddyfile: Prevent bad block opening tokens

* Clarifying comments",1648060453
c9b5e7f77b8aac7334d81c552c583af81ba1c400,False,1,2,112,81,56.0,41,90,49,1.0,1.0,1.0,3776,610,128,11,Fix http3 servers dying after reload (#4654),1647992877
c8f2834b514f8bfb405c11be53d60a6cfc5228ca,False,1,1,7,7,7.0,0,7,7,0.0,0.0,1.0,1547,244,48,1,fastcgi: Protect against requests with null bytes in the path (#4614),1646672793
c5fffb4ac2631f0b41a8e13b62925b9dc8346cb9,False,1,4,102,63,25.5,23,300,277,0.4878048780487805,0.4878048780487805,1.0,3841,651,182,10,"caddyfile: Support for raw token values; improve `map`, `expression` (#4643)

* caddyfile: Support for raw token values, improve `map`, `expression`

* Applied code review comments

* Rename RawVal to ValRaw

Co-authored-by: Matthew Holt <mholt@users.noreply.github.com>",1647637703
4ebf100f099021bbec7eaa5284fe18f5f72feeb4,False,1,1,16,16,16.0,0,16,16,0.75,0.75,1.0,1742,293,64,3,"encode: ignore flushing until after first write (#4318)

* encode: ignore flushing until after first write (fix #4314)

The first write will determine if encoding has to be done and will add an Content-Encoding. Until then Flushing has to be delayed so the Content-Encoding header can be added before headers and status code is written. (A passthrough flush would write header and status code)

* Update modules/caddyhttp/encode/encode.go

Co-authored-by: Matt Holt <mholt@users.noreply.github.com>",1630438596
b82e22b459b9f81278810dc32916ca270efa888c,False,1,1,2,2,2.0,1,1,0,,,,1134,183,44,1,caddyhttp: retain all values of vars matcher when specified multiple times (#4629),1647014137
1feb65952acd814f9abcfb8e38f727f4e49e9e68,False,1,1,13,13,13.0,0,28,28,0.0,0.0,0.6521739130434783,1541,241,71,1,rewrite: Fix a double-encode issue when using the `{uri}` placeholder (#4516),1642094235
2bb8550a4cd59575ea7cc7c507550b9bd079894f,False,1,1,3,3,3.0,1,2,1,,,,2235,362,52,0,caddyhttp: Honor wildcard hosts in log SkipHosts (#4606),1646426699
f5e104944ea48e776580a0a9ebbd02fca33d659f,False,1,1,137,137,137.0,61,76,15,0.0,1.0,1.0,3768,580,157,6,"reverseproxy: Make shallow-ish clone of the request (#4551)

* reverseproxy: Make shallow-ish clone of the request

* Refactor request cloning into separate function

Co-authored-by: Matthew Holt <mholt@users.noreply.github.com>",1646326485
ac14b64e08a6ea63067c62cf1bad9cd6ad823d60,False,1,1,42,42,42.0,7,35,28,0.0,0.0,1.0,4698,738,211,3,"caddyhttp: Support zone identifiers in remote_ip matcher (#4597)

* Update matchers.go

* Update matchers.go

* implementation of zone_id handling

* last changes in zone handling

* give return true values instead of bool

* Apply suggestions from code review

Co-authored-by: Francis Lavoie <lavofr@gmail.com>

* changes as suggested

* Apply suggestions from code review

Co-authored-by: Francis Lavoie <lavofr@gmail.com>

* Update matchers.go

* shortened the Match function

* changed mazcher handling

* Update matchers.go

* delete space

Co-authored-by: Francis Lavoie <lavofr@gmail.com>",1646175012
15c95e9d5b330a9590bbd7271264d9d47dd6e643,False,1,1,5,5,5.0,1,4,3,,,,1163,157,30,1,fileserver: Canonical redir when whole path is stripped (#4549),1646173959
6e6ce2be6be004f592978d9f020f0185b40af1a7,False,1,1,2,2,2.0,1,1,0,,,,2145,355,101,1,caddyhttp: Fix HTTP->HTTPS redir not preferring HTTPS port if ambiguous (#4530),1642532160
ddbb234d91246396b52d9de51f112ac2f5388829,False,1,1,6,6,6.0,5,1,-4,1.0,1.0,0.0,2229,361,52,1,caddyhttp: Always log handled errors at debug level (#4584),1645308649
186fdba916a128fc2a837852d2ab04ac2efba413,False,1,2,47,42,23.5,5,46,41,1.0,1.0,1.0,2193,369,78,6,caddyhttp: Move HTTP redirect listener to an optional module (#4585),1645310196
26d633baf83994e79d2961fa9f5b37ef5b0ab800,False,1,1,5,5,5.0,2,10,8,0.0,0.0,1.0,3212,455,161,1,httpcaddyfile: Disabling OCSP stapling for both managed and unmanaged (#4589),1645305638
0665a86eb72a178a42741d477b765169d7423fd8,False,1,1,14,14,14.0,1,13,12,0.0,0.0,1.0,1424,221,39,1,"fastcgi: Ensure leading slash, omit SERVER_PORT if empty for compliance (#3570)

See https://tools.ietf.org/html/rfc3875#section-4.1.13 for SCRIPT_NAME requiring leading slash
See https://tools.ietf.org/html/rfc3875#section-4.1.15 for SERVER_PORT requiring omission if empty",1595018930
7557d1d92240d7dc36a6f8137ab542f3908f316c,False,1,1,3,3,3.0,0,3,3,1.0,1.0,1.0,1753,286,65,2,reverseproxy: Avoid returning a `nil` error during GetClientCertificate (#4550),1643783616
bf380d00ab62ccedcf5d7f32125bfbd4dd636d01,False,1,1,11,11,11.0,0,11,11,0.0,0.0,1.0,2247,365,53,1,"caddyhttp: Reject absurd methods (#4538)

* caddyhttp: Reject absurdly long methods

* Limit method to 32 chars and truncate

* Just reject the request and debug-log it

* Log remote address",1642625049
93a7a45e7e1ca64dc0103af55ab2a0a4b9c6c84f,False,1,1,2,2,2.0,1,30,29,,,,1463,229,69,1,"httpcaddyfile: Fix incorrect handling of IPv6 bind addresses (#4532)

The `net.JoinHostPort()` function has some naiive logic for handling IPv6, it just checks if the host part has a `:` and if so it wraps the host part with `[ ]` but this causes our network type prefix to get wrapped as well, which is invalid for `caddy.NetworkAddress`. Instead, we can just concatenate the host and port manually here to avoid this side-effect.",1642530463
66de438a98989135dc1e4ce5aeb0c4bc98af8049,False,1,1,4,4,4.0,2,2,0,,,,643,107,26,1,caddytls: Fix `MatchRemoteIP` provisoning with multiple CIDR ranges (#4522),1642092978
e7457b43e4703080ae8713ada798ce3e20b83690,False,1,1,42,42,42.0,4,72,68,0.17391304347826086,0.5,1.0,4543,717,206,2,caddyhttp: Sanitize the path before evaluating path matchers (#4407),1636404303
e9dde230247ec5525d4c3803ff99c97e0dc8e348,False,1,1,2,2,2.0,1,16,15,,,,1053,188,44,1,headers: Fix `+` in Caddyfile to properly append rather than set (#4506),1641316211
3fe2c73dd04f7769a9d9673236cb94b79ac45659,False,1,1,10,10,10.0,5,5,0,,,,4543,717,206,1,"caddyhttp: Fix `MatchPath` sanitizing (#4499)

This is a followup to #4407, in response to a report on the forums: https://caddy.community/t/php-fastcgi-phishing-redirection/14542

Turns out that doing `TrimRight` to remove trailing dots, _before_ cleaning the path, will cause double-dots at the end of the path to not be cleaned away as they should. We should instead remove the dots _after_ cleaning.",1640855748
9ee68c1bd57d72e8a969f1da492bd51bfa5ed9a0,False,1,4,70,35,17.5,20,54,34,0.16666666666666666,0.16666666666666666,1.0,11809,1865,519,4,"reverseproxy: Adjust defaults, document defaults (#4436)

* reverseproxy: Adjust defaults, document defaults

Related to some of the issues in https://github.com/caddyserver/caddy/issues/4245, a complaint about the proxy transport defaults not being properly documented in https://caddy.community/t/default-values-for-directives/14254/6.

- Dug into the stdlib to find the actual defaults for some of the timeouts and buffer limits, documenting them in godoc so the JSON docs get them next release.

- Moved the keep-alive and dial-timeout defaults from `reverseproxy.go` to `httptransport.go`. It doesn't make sense to set defaults in the proxy, because then any time the transport is configured with non-defaults, the keep-alive and dial-timeout defaults are lost!

- Sped up the dial timeout from 10s to 3s, in practice it rarely makes sense to wait a whole 10s for dialing. A shorter timeout helps a lot with the load balancer retries, so using something lower helps with user experience.

* reverseproxy: Make keepalive interval configurable via Caddyfile

* fastcgi: DialTimeout default for fastcgi transport too",1637735545
24fda7514ddeebf19a1e872343b45ec523eefcba,False,1,1,16,16,16.0,8,8,0,,,,2336,372,101,1,"caddytls: Mark storage clean timestamp at end of routine (#4401)

See discussion on 42b7134ffa3bf3e9e86514c82407979c2627a5ab",1635863245
2e46c2ac1d860230a80de5fd7bc85c8c9429d3f4,False,1,2,14,7,7.0,2,12,10,0.0,0.0,0.5,6379,1056,275,3,"admin, reverseproxy: Stop timers if canceled to avoid goroutine leak (#4482)",1641323658
5333c3528bd2badf1676efcced322d151e3706c8,False,1,1,14,14,14.0,9,9,0,1.0,1.0,0.0,5019,797,260,1,"reverseproxy: Fix incorrect `health_headers` Caddyfile parsing (#4485)

Fixes #4481",1639756391
c04d24cafa60e522842d5188587ab07af2082e9b,False,1,3,79,58,26.333333333333332,20,59,39,0.2916666666666667,1.0,1.0,2117,360,67,5,"pki: Avoid provisioning the `local` CA when not necessary (#4463)

* pki: Avoid provisioning the `local` CA when not necessary

* pki: Refactor CA loading to keep the logic in the PKI app",1639423535
81ee34e9623c3ac630f46c81a26e7823d0b2bf7b,False,1,2,24,21,12.0,7,150,143,1.0,1.0,1.0,8867,1313,378,3,httpcaddyfile: Fix sorting edgecase for nested `handle_path` (#4477),1639420928
78b5356f2b1945a90de1ef7f2c7669d82098edbd,False,1,2,8,6,4.0,5,3,-2,0.0,0.0,0.0,2167,331,80,2,fileserver: do not double-escape paths (#4447),1639232781
ec14ccdd4075e46dd0235cc99ecfd92ed131c10a,False,1,2,31,30,15.5,12,109,97,0.25301204819277107,0.03614457831325301,1.0,1918,322,67,4,templates: fix inconsistent nested includes (#4452),1638206980
1e10f6f725189a371a923a329084f1c3f608ae38,False,1,1,9,9,9.0,3,19,16,0.0,0.8666666666666667,0.9333333333333333,1377,194,48,2,fileserver: browse: do not encode the paths in breadcrumbs and page title (#4410),1637655189
c8b5a81607c9c2799f46f42154ee311884723aa4,False,1,2,26,19,13.0,13,13,0,0.0,0.0,1.0,2512,349,77,2,fileserver: Fix handling of symlink sizes in directory listings (#4415),1637618349
f73f55dba745a8a527202b87fdd3ff88fa9f40b1,False,1,1,14,14,14.0,0,14,14,0.3333333333333333,0.3333333333333333,0.3333333333333333,3660,562,151,2,"reverseproxy: Sanitize scheme and host on incoming requests (#4237)

* caddyhttp: Sanitize scheme and host on incoming requests

* reverseproxy: Sanitize the URL scheme and host before proxying

* Apply suggestions from code review

Co-authored-by: Matt Holt <mholt@users.noreply.github.com>

Co-authored-by: Matt Holt <mholt@users.noreply.github.com>",1635280888
012d235314fcc2a27302d00ee6f53459e54c0eb8,False,1,1,2,2,2.0,1,99,98,,,,1926,328,80,1,"httpcaddyfile: Empty tls policy for internal http localhost (#4398)

* test: replicated empty tls automation policy issue

* fix: empty tls policy for an http:// endpoint running on a non-standard http port",1635278059
b092061591d673d5a886881531df2b39cd7722e3,False,1,1,39,39,39.0,12,27,15,0.0,0.0,0.0,3618,556,151,1,reverseproxy: Prevent copying the response if a response handler ran (#4388),1634580043
33c70f418f780f8e9524c73fbf4bbdbdbb9d7500,False,1,3,20,11,6.666666666666667,3,62,59,0.0851063829787234,0.0851063829787234,0.851063829787234,4625,668,167,3,"fileserver: properly handle escaped/non-ascii paths (#4332)

* fileserver: properly handle escaped/non-ascii paths

* fileserver: tests: accommodate Windows hate of colons in files names",1631824831
a779e1b38390205e8286a0578042646d858039a5,False,1,1,2,2,2.0,1,146,145,,,,1507,258,56,1,fastcgi: Fix Caddyfile parsing when `handle_response` is used (#4342),1631391141
569ecdbd02a3bdf8589f785cca022240973dea4d,False,1,1,13,13,13.0,3,85,82,0.0,0.0,0.0,6895,974,296,1,"httpcaddyfile: Ensure hosts to skip for logs can always be collected (#4258)

* httpcaddyfile: ensure hosts to skip can always be collected

Previously, some hosts that should be skipped in logging would
be missed as the current logic would only collect them after
encountering the first server that would log. This change makes sure
the ServerLogConfig is initialized before iterating over the server
blocks.

* httpcaddyfile: add test case for skip hosts behavior",1627935327
fdfdc033392d6bcc8c98232d5db825fcf4b78a51,False,1,1,6,6,6.0,2,4,2,1.0,1.0,1.0,1029,180,44,1,"reverseproxy: Ignore RFC 1521 params in Content-Type header (#3758)

Without this change, a Content-Type header like ""text/event-stream;charset=utf-8""
would not trigger the immediate flushing.

Fixes #3765",1601576145
1c6c7714a38879f78c486fcb9c7c6e39fc39c6a5,False,1,1,11,11,11.0,0,31,31,0.44871794871794873,0.21794871794871795,0.14102564102564102,2140,347,50,2,caddyhttp: Fix edgecase with auto HTTP->HTTPS logic (#4243),1626281374
9e16e80f3c9ae663e3ecf596a578a852172e38fb,False,1,1,2,2,2.0,1,1,0,,,,1301,182,46,0,"fileserver: Fix browse name_dir_first sorting (#4218)

This commit fixes the `sortByNameDirFirst` variable inside fileserver to
match what browse's default template has.

Co-authored-by: Francis Lavoie <lavofr@gmail.com>",1625640894
d882211080cbb97f5e1cfdd87be6874eb1a9430a,False,1,1,3,3,3.0,1,56,55,0.19607843137254902,0.9803921568627451,1.0,1609,266,54,2,reverseproxy: Keep path to unix socket as dial address (#4232),1625629425
42e140b1b2f5fc3f602151947dc981334b338020,False,1,1,2,2,2.0,1,1,0,,,,4438,699,200,1,caddyhttp: Fix incorrect determination of gRPC protocol (#4236),1625587784
76913b19ff053bc5b0848ce4d0bbf73698f30d93,False,1,1,3,3,3.0,1,2,1,0.0,0.0,0.0,1196,160,30,1,"fileserver: Fix browse not redirecting query parameters (#4196)

This commit is a follow up to PR #4179 that introduced a bug where
browse redirections to the right URL would not preserve query
parameters.",1623108834
94b712009a52fd2dba6295667d359a9a3c952d31,False,1,1,3,3,3.0,0,3,3,0.0,0.0,1.0,1302,255,67,1,logging: Actually use `level_key` (#4189),1622837743
aef8d4decceba3371d6722a81e17cd5f94162116,False,1,1,15,15,15.0,3,12,9,0.0,0.0,0.0,3607,553,149,1,"reverseproxy: Set the headers in the replacer before `handle_response` (#4165)

Turns out this was an oversight, we assumed we could use `{http.response.header.*}` but that doesn't work because those are grabbed from the response writer, and we haven't copied any headers into the response writer yet.

So the fix is to set all the response headers into the replacer at a new namespace before running the handlers.

This adds the `{http.reverse_proxy.header.*}` replacer.

See https://caddy.community/t/empty-http-response-header-x-accel-redirect/12447",1620850748
b82db994f39c6991d673a7ae9836f5454b1f9668,False,1,1,5,5,5.0,0,9,9,0.0,0.0,1.0,2416,408,117,1,"caddyfile: Add parse error on site address with trailing `{` (#4163)

* caddyfile: Add parse error on site address in `{`

This is an incredibly common mistake made by users, so we should catch it earlier in the parser and give a more friendly message. Often it ends up adapting but with mistakes, or erroring out later due to other site addresses being read as directives.

There's not really ever a situation where a lone '{' is valid at the end of a site address (but I suppose there are edgecases where the user wants to use a path matcher where it ends specifically in `{`, but... why?), so this should be fine.

* Update caddyconfig/caddyfile/parse.go",1620857924
bc2210247861340c644d9825ac2b2860f8c6e12a,False,1,1,1,1,1.0,1,40,39,0.0,0.9743589743589743,1.0,527,156,46,1,"caddyfile: Fix `caddy fmt` nesting not decrementing (#4157)

* caddyfile(formatter): fix nesting not decrementing

This is an extremely weird edge-case where if you had a environment variable {}
on one line, a comment on the next line, and the closing of the block on the
following line; the rest of the Caddyfile would be indented further than it
should've been.

ref; https://github.com/matthewpi/vscode-caddyfile-support/issues/13

* run gofmt

* fmt: better way of handling edge case",1620669687
d4b2f1bcee2190d13bc96aa8da5ea530bd6b9a22,False,1,1,6,6,6.0,1,5,4,0.0,0.0,1.0,919,142,42,3,"caddyhttp: Fix fallback for the error handler chain (#4131)

* caddyhttp: Fix fallback for the error handler chain

The fix I went with in the end (after realizing some mistaken assumptions in #4131) is to just make the routes fall back to errorEmptyHandler instead of the non-error empty handler, if Terminal is true, making the routes error-aware. Ultimately this was probably just an oversight when errors was implemented at some point in the early betas of v2.

See https://caddy.community/t/problem-with-basicauth-handle-errors/12243/9 for context.

* Revert ""caddyhttp: Fix fallback for the error handler chain""

This reverts commit 95b6ac44a6122d3ca5513a13bbc723cd5f4785f8.

* caddyhttp: Fix via `routes.go`",1620251740
74f5d66c4826e177123859abae3981bd196bfdcf,False,1,1,12,12,12.0,7,5,-2,1.0,1.0,,1190,212,53,2,"fileserver: Fix `file` matcher with empty `try_files` (#4147)

* fileserver: Fix `file` matcher with empty `try_files`

Fixes https://github.com/caddyserver/caddy/issues/4146

If `TryFiles` is empty, we fill it with `r.URL.Path`. In this case, this is `/`. Then later, in `prepareFilePath()`, we run the replacer (which turns `{path}` into `/` at that point) but `file` remains the original value (and the placeholder is still the placeholder there).

So then `strings.HasSuffix(file, ""/"")` will be `false` for the placeholder, but `true` for the empty `TryFiles` codepath, because `file` was `/` due to being set to the actual request value beforehand.

This means that `suffix` becomes `//` in that case, so after `sanitizedPathJoin`, it becomes `./`, so `strictFileExists`'s `strings.HasSuffix(file, separator)` codepath will return true.

I think we should change the `m.TryFiles == nil` codepath to `m.TryFiles = []string{""{http.request.uri.path}""}` for consistency. (And maybe consider hoisting this to `Provision` cause there's no point doing this on every request). I don't think this ""optimization"" of directly using `r.URL.Path` is so valuable, cause it causes this edgecase with directories.

* Update modules/caddyhttp/fileserver/matcher.go

Co-authored-by: Matt Holt <mholt@users.noreply.github.com>

Co-authored-by: Matt Holt <mholt@users.noreply.github.com>",1620143353
ff6ca577ec7196e2cf3991c817d3655754de4b24,False,1,1,10,10,10.0,3,69,66,0.0,0.0,1.0,2863,409,145,1,"httpcaddyfile: Fix unexpectedly removed policy (#4128)

* httpcaddyfile: Fix unexpectedly removed policy

When user set on_demand tls option in a catch-all (:443) policy,
we expect other policies to not have the on_demand enabled
See ex in tls_automation_policies_5.txt

Btw, we can remove policies if they are **all** empty.

* Update caddyconfig/httpcaddyfile/tlsapp.go

Co-authored-by: Matt Holt <mholt@users.noreply.github.com>

Co-authored-by: Matt Holt <mholt@users.noreply.github.com>",1619715361
3a1e81dbf6587d2e886529d55e7a02eabeaa7c47,False,1,1,46,46,46.0,16,30,14,1.0,1.0,1.0,2564,363,95,2,fileserver: Better handling of HTTP status override (#4132),1619676108
a8d45277ca387ca4769fb4e881d242a5896cca5a,False,1,2,14,12,7.0,1,44,43,1.0,1.0,1.0,3668,611,177,2,"caddyfile: Fix `import` replacing unrelated placeholders (#4129)

* caddyfile: Fix `import` replacing unrelated placeholders

See https://caddy.community/t/snippet-issue-works-outside-snippet/12231

So it turns out that `NewReplacer()` gives a replacer with some global defaults (like `{env.*}` and some system and time placeholders), which is not ideal when running `import` because we just want to replace `{args.*}` only, and nothing else.

* caddyfile: Add test",1619137744
3903642aa7cf711cb20f27958e7ee5b15fe2bbb3,False,1,3,172,127,57.333333333333336,5,193,188,0.5681818181818182,0.5681818181818182,1.0,3477,636,184,13,"caddyfile: reject cyclic imports (#4022)

* caddyfile: reject recursive self-imports

* caddyfile: detect and reject cyclic imports of snippets and files

* caddyfile: do not be stickler about connected nodes not being connected already

* caddyfile: include missing test artifacts of cyclic imports

* address review comments",1617991585
1455d6bb690d8c91159a709cc6d1a0dc01ed9153,False,1,1,3,3,3.0,1,157,156,0.0,0.0,1.0,2856,406,142,1,"httpcaddyfile: Fix panic in automation policy consolidation (#4104)

* httpcaddyfile: Add reproduce test

* httpcaddyfile: Don't allow `i` to go below zero",1617403624
3401f91dbeae80d22c8df9a4a50de521c69c9e00,False,1,1,9,9,9.0,3,6,3,0.0,0.0,1.0,493,80,17,1,caddyfile: Normalize line endings before comparing fmt result (#4103),1617386134
bd357bf00507d0f81c8c401b1ffa7ccb1f7c00bf,False,1,1,2,2,2.0,1,1,0,,,,2301,394,110,1,reverseproxy: Set cookie path to `/` when using cookie lb_policy (#4096),1617139740
f1c36680fc8b21d5f8c110d8d3b97c4efe324376,False,1,1,4,4,4.0,0,94,94,0.0,0.0,1.0,1053,188,44,1,headers: Fix Caddyfile parsing for `request_header` with matchers (#4085),1617036929
51f35ba03f78e691d0e141b24ff19f82bfb34b67,False,1,1,7,7,7.0,0,109,109,0.0,0.0,1.0,4376,693,235,2,reverseproxy: Fix upstreams with placeholders with no port (#4046),1614791551
385adf5d878939c381c7f73c771771d34523a1a7,False,1,1,8,8,8.0,0,8,8,0.0,0.0,1.0,2004,317,68,1,"caddyhttp: Restore original request params before error handlers (#3781)

* caddyhttp: Restore original request params before error handlers

Fixes #3717

* Add comment",1602607959
6e9ac248dd5c2f7a4cd4e37ff277a86c18085be6,False,1,2,71,51,35.5,28,51,23,0.3333333333333333,0.3333333333333333,0.9333333333333333,2666,444,96,6,"fastcgi: Set PATH_INFO to file matcher remainder as fallback (#3739)

* fastcgi: Set PATH_INFO to file matcher remainder as fallback

* fastcgi: Avoid changing scriptName when not necessary

* Stylistic tweaks

Co-authored-by: Matthew Holt <mholt@users.noreply.github.com>",1607127133
a26f70a12b1289231d705bc002fe1df3180cb6c5,False,1,1,4,4,4.0,0,29,29,0.0,0.0,1.0,1036,185,43,1,headers: Fix Caddyfile parsing with request matcher (#3892),1606756830
53aa60afff2e66b4a2b2ca6968fe5cb6c8567437,False,1,1,27,27,27.0,3,24,21,1.0,1.0,1.0,3318,498,136,2,"reverseproxy: Handle ""operation was canceled"" errors (#3816)

* fix(caddy): Avoid ""operation was canceled"" errors

- Also add error handling for StatusGatewayTimeout

* revert(caddy): Revert 504 handling

- This will potentially break load balancing and health checks

* Handle client cancellation as different error

Co-authored-by: Matthew Holt <mholt@users.noreply.github.com>",1606326863
c7efb0307d425eb533885e314518c370a06763da,False,1,4,65,43,16.25,33,270,237,0.012875536480686695,0.871244635193133,1.0,7409,1171,281,5,"reverseproxy: Fix dial placeholders, SRV, active health checks (#3780)

* reverseproxy: Fix dial placeholders, SRV, active health checks

Supercedes #3776
Partially reverts or updates #3756, #3693, and #3695

* reverseproxy: add integration tests

Co-authored-by: Mohammed Al Sahaf <msaa1990@gmail.com>",1602606920
b1d456d8abf15616afb6c6893af90473b4941365,False,1,1,10,10,10.0,1,27,26,0.15789473684210525,0.0,0.6842105263157895,891,147,18,1,"metrics: Fix panic when headers aren't written (#3737)

Signed-off-by: Dave Henderson <dhenderson@gmail.com>",1600717367
b4f49e2962201a87037f451a0b68323524828a58,False,1,1,27,27,27.0,17,38,21,1.0,1.0,0.0,4069,645,178,2,"caddyhttp: Merge query matchers in Caddyfile (#3839)

Also, turns out that `Add` on headers will work even if there's nothing there yet, so we can remove the condition I introduced in #3832",1604358301
dd26875ffcbec8b74234bdda64e019a8a20c37e2,False,1,1,2,2,2.0,1,1,0,,,,618,109,24,1,logging: Fix for IP filtering,1604358118
c9fdff9976da38c650a51cd3fb4f2667853ff627,False,1,1,4,4,4.0,1,3,2,,,,3703,593,194,2,"reverseproxy: caddyfile: Don't add port if upstream has placeholder (#3819)

* check if the host is a placeholder

* Update modules/caddyhttp/reverseproxy/caddyfile.go

Co-authored-by: Matt Holt <mholt@users.noreply.github.com>",1604001102
966d5e6b42fc6da3da8bd39dd6ceceb8f1da3999,False,1,1,11,11,11.0,1,38,37,0.0,0.0,1.0,4116,652,179,1,caddyhttp: Merge header matchers in Caddyfile (#3832),1604161621
6722426f1a9e6c8a5fb0bbcafd4b5f99cad2b070,False,1,1,34,34,34.0,9,128,119,0.0,0.8849557522123894,1.0,3457,523,143,1,"reverseproxy: allow no port for SRV; fix regression in d55d50b (#3756)

* reverseproxy: fix breakage in handling SRV lookup introduced by 3695

* reverseproxy: validate against incompatible config options with lookup_srv

* reverseproxy: add integration test cases for validations involving lookup_srv

* reverseproxy: clarify the reason for skipping an iteration

* grammar.. Oxford comma

Co-authored-by: Francis Lavoie <lavofr@gmail.com>

Co-authored-by: Francis Lavoie <lavofr@gmail.com>

Fixes #3753",1601582739
3b9eae70c9cc680792cdc86513f74f7cc49f43b1,False,1,1,3,3,3.0,1,2,1,0.0,0.0,0.0,3371,510,137,1,"reverseproxy: Change 500 error to 502 for lookup_srv config (#3771)

Fixes #3763",1601582551
dadfe1933b4ddab649b1bd64563eb8a0e4142979,False,1,1,2,2,2.0,1,1,0,,,,365,66,11,1,"metrics: fix handler to not run the next route (#3769)

Signed-off-by: Dave Henderson <dhenderson@gmail.com>",1601571434
aa9c3eb7324461c0dd4f1dd28e767d0b8d0d7ec3,False,1,1,3,3,3.0,0,116,116,0.0,0.0,1.0,3693,593,193,2,"reverseproxy: default to port 80 for upstreams in Caddyfile (#3772)

* reverseproxy: default to port 80 for port-less upstream dial addresses

* reverseproxy: replace integration test with an adapter test

Fixes #3761",1601581999
be6daa5fd46edc9f66a5129347482b38e22bf103,False,1,1,6,6,6.0,1,36,35,0.0,0.0,1.0,1807,309,74,1,"httpcaddyfile: Fix panic when parsing route with matchers (#3746)

Fixes #3745",1600817835
fe27f9cf0c7f53c891c35fbcf6a6b3219e85fd0a,False,1,1,5,5,5.0,0,5,5,0.0,0.0,1.0,1792,307,74,1,httpcaddyfile: Disallow args on route/handle directive family (#3740),1600717481
d16ede358a2ec049bda28bf37e79c9cfcaa64c29,False,1,4,64,52,16.0,41,62,21,1.0,0.9,1.0,5416,867,187,8,"metrics: Fix hidden panic while observing with bad exemplars (#3733)

* metrics: Fixing panic while observing with bad exemplars

Signed-off-by: Dave Henderson <dhenderson@gmail.com>

* Minor cleanup

The server is already added to the context. So, we can simply use that
to get the server name, which is a field on the server.

* Add integration test for auto HTTP->HTTPS redirects

A test like this would have caught the problem in the first place

Co-authored-by: Matthew Holt <mholt@users.noreply.github.com>",1600400784
e3324aa6de6c6f8f9fc14757025bb15de4801dde,False,1,1,22,22,22.0,1,126,125,0.0,0.0,1.0,6197,867,259,2,"httpcaddyfile: Ensure handle_path is sorted equally to handle (#3676)

* httpcaddyfile: Ensure handle_path is sorted as equal to handle

* httpcaddyfile: Make mutual exclusivity grouping deterministic (I hope)

* httpcaddyfile: Add comment linking to the issue being fixed

* httpcaddyfile: Typo fix, comment clarity

Co-authored-by: Matt Holt <mholt@users.noreply.github.com>

* Update caddyconfig/httpcaddyfile/httptype.go

Co-authored-by: Matt Holt <mholt@users.noreply.github.com>",1600308082
b95b87381a282e1fe57295d145b71645d7801f07,False,1,2,99,85,49.5,35,165,130,0.14285714285714285,0.14285714285714285,0.9142857142857143,2794,455,122,6,"fileserver: Fix try_files for directories; windows fix (#3684)

* fileserver: Fix try_files for directories, windows fix

* fileserver: Add new file type placeholder, refactoring, tests

* fileserver: Review cleanup

* fileserver: Flip the return args order",1600301368
00e6b77fe4eb4a692649970bf1724de22b15bba9,False,1,1,26,26,26.0,0,26,26,0.0,0.0,1.0,1780,272,74,1,caddytls: Add `dns` config to acmeissuer (#3701),1599586606
d4f249741efa0fe300a197e27370a28d8748628f,False,1,1,28,28,28.0,14,42,28,0.0,1.0,1.0,6,412,0,0,browse: align template to struct field renames from 4940325 (#3706),1599583548
0afbab866794448fc0fe8b6cd6a299d7a078c2f1,False,1,1,8,8,8.0,0,63,63,0.0,0.0,1.0,1774,303,73,2,"httpcaddyfile: Improve directive sorting logic (#3658)

* httpcaddyfile: Flip `root` directive sort order

* httpcaddyfile: Sort directives with any matcher before those with none

* httpcaddyfile: Generalize reverse sort directives, improve logic

* httpcaddyfile: Fix ""spelling"" issue

* httpcaddyfile: Turns out the second change precludes the first


httpcaddyfile: Delete test that no longer makes sense

* httpcaddyfile: Shorten logic

Co-authored-by: Matt Holt <mholt@users.noreply.github.com>

Co-authored-by: Matt Holt <mholt@users.noreply.github.com>",1597702551
fc65320e9c5b4e2ab96b6b421b65629560f1b8a2,False,1,1,7,7,7.0,0,7,7,1.0,1.0,1.0,1782,321,88,1,reverseproxy: Support header selection policy on `Host` field (#3653),1597698886
19cc2bd3c3e6b551d47eca7a2efdee95eec2a86f,False,1,1,4,4,4.0,1,39,38,,,,3632,578,187,1,"reverseproxy: Fix Caddyfile parsing for empty non-http transports (#3576)

* reverseproxy: Fix Caddyfile parsing for empty non-http transports

* Update modules/caddyhttp/reverseproxy/caddyfile.go

Co-authored-by: Matt Holt <mholt@users.noreply.github.com>

* Rename empty transport test

Co-authored-by: Matt Holt <mholt@users.noreply.github.com>",1595013512
b1480eb52f8e3dd621798e2b74b4e3e47bacc9f5,False,1,1,20,20,20.0,10,122,112,,,,1009,182,32,1,fastcgi: Fix php_fastcgi matcher regression (#3512),1592847918
bb67e19d7bacd70a13647538c8e9820eb42090b2,False,1,5,35,27,7.0,9,26,17,0.38461538461538464,0.38461538461538464,1.0,6945,1200,244,6,"cmd: hash-password: Fix broken terminal state on SIGINT (#3416)

* caddyauth: Fix hash-password broken terminal state on SIGINT

* caddycmd: Move TrapSignals calls to only subcommands that run long",1590088189
483e31b9788f57b0a1adc153574878d0c7c4feb0,False,1,1,3,3,3.0,0,48,48,0.0,0.9743589743589743,1.0,459,82,15,1,"templates: trim windows whitespace in SplitFrontMatter; fix #3386 (#3387)

* add test case for SplitFrontMatter showing issue with windows newline

* fix issue with windows newline when using SplitFrontMatter

* Update modules/caddyhttp/templates/frontmatter.go

Co-authored-by: Francis Lavoie <lavofr@gmail.com>

* make it mere explicit what is trimmed from firstLine

* Update modules/caddyhttp/templates/frontmatter.go

Co-authored-by: Francis Lavoie <lavofr@gmail.com>
Co-authored-by: Matt Holt <mholt@users.noreply.github.com>",1589828464
4c55d26f11329243591d04ca5a52298b38bca9a8,False,1,1,18,18,18.0,4,68,64,0.0,0.8793103448275862,1.0,4015,656,183,1,caddyhttp: Fix merging of Caddyfile matchers in not blocks (#3379),1589229513
5ae1a5617c4bb1deef22cb3658ee581bb7dbf367,False,1,3,56,44,18.666666666666668,188,342,154,0.20202020202020202,0.21212121212121213,1.0,3147,534,130,5,"caddyhttp: Add split_path to file matcher (used by php_fastcgi) (#3302)

* matcher: Add `split_path` option to file matcher; used in php_fastcgi

* matcher: Skip try_files split if not the final part of the filename

* matcher: Add MatchFile tests

* matcher: Clarify SplitPath godoc",1588020406
bacf50a59ecb979b23d2e8cb565d351ee9a581b4,False,1,1,2,2,2.0,1,1,0,,,,1648,262,53,0,caddyhttp: Fix common_log format's user ID placeholder (#3300),1587567926
da8686c4b974ba0b35f3be5a43b6a2f3a528fed2,False,1,1,20,20,20.0,11,9,-2,0.0,1.0,0.0,2885,441,117,1,reverseproxy: always set req.URL.Host with upstream (#3297),1587522840
f74fed3f544651c1870d285011598d4fef5e205b,False,1,1,6,6,6.0,3,3,0,,,,1578,254,65,1,v2: only compare TLS protocol versions if both are set (#3005),1580747132
1bae36ef29aea6fd3b604ed1de5009ab0c074705,False,1,1,5,5,5.0,1,6,5,0.0,1.0,1.0,2971,559,139,1,"Fix 1592: Allow insecure CA URL on internal networks (#1607)

* Strip brackets in IsInternal if no port, allow loopback for CA URLs

* Fix a mistake

* Improve the trim

* Fix comment",1493229649
